sim,total,target1,target2,marker,marker_count,target1_count,target2_count,c1_hat,c2_hat
1,2200,1000,1000,200,10,42,39,840,780
2,2200,1000,1000,200,10,60,68,1200,1360
3,2200,1000,1000,200,10,42,49,840,980
4,2200,1000,1000,200,10,61,46,1220,920
5,2200,1000,1000,200,11,53,47,963.6363636,854.5454545
6,2200,1000,1000,200,10,71,69,1420,1380
7,2200,1000,1000,200,11,61,65,1109.090909,1181.818182
8,2200,1000,1000,200,10,57,63,1140,1260
9,2200,1000,1000,200,10,39,30,780,600
10,2200,1000,1000,200,10,61,59,1220,1180
11,2200,1000,1000,200,10,41,33,820,660
12,2200,1000,1000,200,10,36,33,720,660
13,2200,1000,1000,200,10,81,83,1620,1660
14,2200,1000,1000,200,10,39,51,780,1020
15,2200,1000,1000,200,10,47,45,940,900
16,2200,1000,1000,200,10,44,33,880,660
17,2200,1000,1000,200,10,48,48,960,960
18,2200,1000,1000,200,10,41,35,820,700
19,2200,1000,1000,200,10,32,37,640,740
20,2200,1000,1000,200,10,66,67,1320,1340
21,2200,1000,1000,200,10,42,29,840,580
22,2200,1000,1000,200,10,49,39,980,780
23,2200,1000,1000,200,10,64,53,1280,1060
24,2200,1000,1000,200,10,79,77,1580,1540
25,2200,1000,1000,200,10,85,89,1700,1780
26,2200,1000,1000,200,10,42,58,840,1160
27,2200,1000,1000,200,10,64,73,1280,1460
28,2200,1000,1000,200,10,34,33,680,660
29,2200,1000,1000,200,10,81,72,1620,1440
30,2200,1000,1000,200,10,52,57,1040,1140
31,2200,1000,1000,200,10,47,57,940,1140
32,2200,1000,1000,200,10,56,62,1120,1240
33,2200,1000,1000,200,10,74,52,1480,1040
34,2200,1000,1000,200,10,43,42,860,840
35,2200,1000,1000,200,10,81,72,1620,1440
36,2200,1000,1000,200,10,24,25,480,500
37,2200,1000,1000,200,10,42,39,840,780
38,2200,1000,1000,200,10,45,58,900,1160
39,2200,1000,1000,200,10,46,54,920,1080
40,2200,1000,1000,200,10,57,56,1140,1120
41,2200,1000,1000,200,10,52,37,1040,740
42,2200,1000,1000,200,10,53,52,1060,1040
43,2200,1000,1000,200,10,51,67,1020,1340
44,2200,1000,1000,200,10,61,51,1220,1020
45,2200,1000,1000,200,10,45,46,900,920
46,2200,1000,1000,200,10,73,57,1460,1140
47,2200,1000,1000,200,10,51,58,1020,1160
48,2200,1000,1000,200,10,47,42,940,840
49,2200,1000,1000,200,10,23,30,460,600
50,2200,1000,1000,200,10,21,13,420,260
51,2200,1000,1000,200,10,56,40,1120,800
52,2200,1000,1000,200,10,30,40,600,800
53,2200,1000,1000,200,10,43,34,860,680
54,2200,1000,1000,200,10,48,52,960,1040
55,2200,1000,1000,200,10,42,43,840,860
56,2200,1000,1000,200,10,38,41,760,820
57,2200,1000,1000,200,10,48,44,960,880
58,2200,1000,1000,200,10,24,30,480,600
59,2200,1000,1000,200,10,38,49,760,980
60,2200,1000,1000,200,10,34,30,680,600
61,2200,1000,1000,200,10,62,79,1240,1580
62,2200,1000,1000,200,10,66,56,1320,1120
63,2200,1000,1000,200,10,55,46,1100,920
64,2200,1000,1000,200,10,55,62,1100,1240
65,2200,1000,1000,200,10,66,70,1320,1400
66,2200,1000,1000,200,8,97,84,2425,2100
67,2200,1000,1000,200,10,42,35,840,700
68,2200,1000,1000,200,10,44,46,880,920
69,2200,1000,1000,200,10,52,49,1040,980
70,2200,1000,1000,200,10,67,66,1340,1320
71,2200,1000,1000,200,10,34,43,680,860
72,2200,1000,1000,200,10,17,29,340,580
73,2200,1000,1000,200,10,67,71,1340,1420
74,2200,1000,1000,200,10,42,53,840,1060
75,2200,1000,1000,200,10,48,50,960,1000
76,2200,1000,1000,200,10,54,62,1080,1240
77,2200,1000,1000,200,10,49,56,980,1120
78,2200,1000,1000,200,10,53,51,1060,1020
79,2200,1000,1000,200,10,60,55,1200,1100
80,2200,1000,1000,200,10,50,54,1000,1080
81,2200,1000,1000,200,10,52,33,1040,660
82,2200,1000,1000,200,10,41,31,820,620
83,2200,1000,1000,200,10,79,73,1580,1460
84,2200,1000,1000,200,10,25,29,500,580
85,2200,1000,1000,200,10,49,38,980,760
86,2200,1000,1000,200,10,32,45,640,900
87,2200,1000,1000,200,10,56,60,1120,1200
88,2200,1000,1000,200,10,16,22,320,440
89,2200,1000,1000,200,10,57,43,1140,860
90,2200,1000,1000,200,10,53,44,1060,880
91,2200,1000,1000,200,10,18,33,360,660
92,2200,1000,1000,200,10,70,77,1400,1540
93,2200,1000,1000,200,10,25,35,500,700
94,2200,1000,1000,200,10,57,49,1140,980
95,2200,1000,1000,200,10,41,58,820,1160
96,2200,1000,1000,200,10,51,50,1020,1000
97,2200,1000,1000,200,10,43,52,860,1040
98,2200,1000,1000,200,10,62,80,1240,1600
99,2200,1000,1000,200,10,56,50,1120,1000
100,2200,1000,1000,200,10,75,56,1500,1120
101,2200,1000,1000,200,10,54,62,1080,1240
102,2200,1000,1000,200,10,34,46,680,920
103,2200,1000,1000,200,10,43,49,860,980
104,2200,1000,1000,200,10,62,60,1240,1200
105,2200,1000,1000,200,10,43,44,860,880
106,2200,1000,1000,200,10,38,34,760,680
107,2200,1000,1000,200,10,51,41,1020,820
108,2200,1000,1000,200,10,73,58,1460,1160
109,2200,1000,1000,200,10,60,60,1200,1200
110,2200,1000,1000,200,10,70,67,1400,1340
111,2200,1000,1000,200,10,34,32,680,640
112,2200,1000,1000,200,10,62,68,1240,1360
113,2200,1000,1000,200,10,85,88,1700,1760
114,2200,1000,1000,200,10,42,35,840,700
115,2200,1000,1000,200,10,51,46,1020,920
116,2200,1000,1000,200,10,39,34,780,680
117,2200,1000,1000,200,10,50,61,1000,1220
118,2200,1000,1000,200,10,51,37,1020,740
119,2200,1000,1000,200,10,43,52,860,1040
120,2200,1000,1000,200,10,62,69,1240,1380
121,2200,1000,1000,200,10,37,36,740,720
122,2200,1000,1000,200,10,47,62,940,1240
123,2200,1000,1000,200,10,62,58,1240,1160
124,2200,1000,1000,200,10,28,46,560,920
125,2200,1000,1000,200,10,28,28,560,560
126,2200,1000,1000,200,10,41,29,820,580
127,2200,1000,1000,200,10,50,43,1000,860
128,2200,1000,1000,200,10,52,63,1040,1260
129,2200,1000,1000,200,10,34,33,680,660
130,2200,1000,1000,200,10,33,44,660,880
131,2200,1000,1000,200,10,36,29,720,580
132,2200,1000,1000,200,10,30,31,600,620
133,2200,1000,1000,200,10,34,46,680,920
134,2200,1000,1000,200,10,58,55,1160,1100
135,2200,1000,1000,200,10,64,68,1280,1360
136,2200,1000,1000,200,10,36,36,720,720
137,2200,1000,1000,200,10,41,49,820,980
138,2200,1000,1000,200,10,55,50,1100,1000
139,2200,1000,1000,200,10,65,58,1300,1160
140,2200,1000,1000,200,10,43,41,860,820
141,2200,1000,1000,200,10,47,40,940,800
142,2200,1000,1000,200,10,65,65,1300,1300
143,2200,1000,1000,200,10,89,78,1780,1560
144,2200,1000,1000,200,10,46,59,920,1180
145,2200,1000,1000,200,10,38,34,760,680
146,2200,1000,1000,200,10,49,65,980,1300
147,2200,1000,1000,200,10,78,64,1560,1280
148,2200,1000,1000,200,10,43,45,860,900
149,2200,1000,1000,200,11,65,55,1181.818182,1000
150,2200,1000,1000,200,10,43,38,860,760
151,2200,1000,1000,200,10,65,62,1300,1240
152,2200,1000,1000,200,10,40,51,800,1020
153,2200,1000,1000,200,10,37,55,740,1100
154,2200,1000,1000,200,10,45,40,900,800
155,2200,1000,1000,200,10,47,49,940,980
156,2200,1000,1000,200,10,50,62,1000,1240
157,2200,1000,1000,200,10,49,54,980,1080
158,2200,1000,1000,200,10,67,56,1340,1120
159,2200,1000,1000,200,10,57,78,1140,1560
160,2200,1000,1000,200,10,41,28,820,560
161,2200,1000,1000,200,10,57,61,1140,1220
162,2200,1000,1000,200,10,37,49,740,980
163,2200,1000,1000,200,11,65,58,1181.818182,1054.545455
164,2200,1000,1000,200,10,43,34,860,680
165,2200,1000,1000,200,10,44,41,880,820
166,2200,1000,1000,200,10,79,72,1580,1440
167,2200,1000,1000,200,11,63,56,1145.454545,1018.181818
168,2200,1000,1000,200,10,48,32,960,640
169,2200,1000,1000,200,10,48,62,960,1240
170,2200,1000,1000,200,10,34,40,680,800
171,2200,1000,1000,200,10,49,41,980,820
172,2200,1000,1000,200,11,48,43,872.7272727,781.8181818
173,2200,1000,1000,200,10,78,60,1560,1200
174,2200,1000,1000,200,10,34,32,680,640
175,2200,1000,1000,200,10,60,47,1200,940
176,2200,1000,1000,200,10,59,28,1180,560
177,2200,1000,1000,200,10,29,38,580,760
178,2200,1000,1000,200,10,41,46,820,920
179,2200,1000,1000,200,10,51,55,1020,1100
180,2200,1000,1000,200,10,50,55,1000,1100
181,2200,1000,1000,200,10,47,38,940,760
182,2200,1000,1000,200,10,46,55,920,1100
183,2200,1000,1000,200,10,38,32,760,640
184,2200,1000,1000,200,10,34,35,680,700
185,2200,1000,1000,200,10,27,28,540,560
186,2200,1000,1000,200,10,45,49,900,980
187,2200,1000,1000,200,10,70,71,1400,1420
188,2200,1000,1000,200,10,33,42,660,840
189,2200,1000,1000,200,10,43,42,860,840
190,2200,1000,1000,200,10,62,63,1240,1260
191,2200,1000,1000,200,10,42,44,840,880
192,2200,1000,1000,200,10,49,58,980,1160
193,2200,1000,1000,200,10,48,56,960,1120
194,2200,1000,1000,200,10,31,30,620,600
195,2200,1000,1000,200,10,72,70,1440,1400
196,2200,1000,1000,200,10,56,64,1120,1280
197,2200,1000,1000,200,10,43,38,860,760
198,2200,1000,1000,200,7,76,91,2171.428571,2600
199,2200,1000,1000,200,10,59,55,1180,1100
200,2200,1000,1000,200,10,23,36,460,720
201,2200,1000,1000,200,10,27,32,540,640
202,2200,1000,1000,200,10,48,53,960,1060
203,2200,1000,1000,200,11,29,32,527.2727273,581.8181818
204,2200,1000,1000,200,10,51,39,1020,780
205,2200,1000,1000,200,10,26,24,520,480
206,2200,1000,1000,200,10,68,71,1360,1420
207,2200,1000,1000,200,10,64,67,1280,1340
208,2200,1000,1000,200,10,26,22,520,440
209,2200,1000,1000,200,10,55,51,1100,1020
210,2200,1000,1000,200,10,33,39,660,780
211,2200,1000,1000,200,10,31,37,620,740
212,2200,1000,1000,200,11,65,55,1181.818182,1000
213,2200,1000,1000,200,10,63,42,1260,840
214,2200,1000,1000,200,8,80,96,2000,2400
215,2200,1000,1000,200,10,37,34,740,680
216,2200,1000,1000,200,10,50,32,1000,640
217,2200,1000,1000,200,10,61,65,1220,1300
218,2200,1000,1000,200,10,36,43,720,860
219,2200,1000,1000,200,10,47,34,940,680
220,2200,1000,1000,200,10,83,82,1660,1640
221,2200,1000,1000,200,10,55,43,1100,860
222,2200,1000,1000,200,10,44,42,880,840
223,2200,1000,1000,200,10,45,30,900,600
224,2200,1000,1000,200,10,48,41,960,820
225,2200,1000,1000,200,10,49,39,980,780
226,2200,1000,1000,200,10,59,59,1180,1180
227,2200,1000,1000,200,10,52,62,1040,1240
228,2200,1000,1000,200,10,17,24,340,480
229,2200,1000,1000,200,10,33,30,660,600
230,2200,1000,1000,200,10,43,56,860,1120
231,2200,1000,1000,200,10,42,45,840,900
232,2200,1000,1000,200,10,45,46,900,920
233,2200,1000,1000,200,10,31,32,620,640
234,2200,1000,1000,200,10,27,36,540,720
235,2200,1000,1000,200,10,54,47,1080,940
236,2200,1000,1000,200,10,33,19,660,380
237,2200,1000,1000,200,10,48,40,960,800
238,2200,1000,1000,200,10,46,37,920,740
239,2200,1000,1000,200,10,36,41,720,820
240,2200,1000,1000,200,10,28,41,560,820
241,2200,1000,1000,200,10,91,76,1820,1520
242,2200,1000,1000,200,10,52,37,1040,740
243,2200,1000,1000,200,10,32,41,640,820
244,2200,1000,1000,200,10,43,43,860,860
245,2200,1000,1000,200,10,65,76,1300,1520
246,2200,1000,1000,200,10,19,13,380,260
247,2200,1000,1000,200,10,64,49,1280,980
248,2200,1000,1000,200,10,26,23,520,460
249,2200,1000,1000,200,10,51,41,1020,820
250,2200,1000,1000,200,10,73,83,1460,1660
251,2200,1000,1000,200,10,41,32,820,640
252,2200,1000,1000,200,10,47,39,940,780
253,2200,1000,1000,200,10,86,74,1720,1480
254,2200,1000,1000,200,10,26,36,520,720
255,2200,1000,1000,200,10,57,51,1140,1020
256,2200,1000,1000,200,10,83,70,1660,1400
257,2200,1000,1000,200,10,75,65,1500,1300
258,2200,1000,1000,200,10,36,35,720,700
259,2200,1000,1000,200,10,41,60,820,1200
260,2200,1000,1000,200,10,33,36,660,720
261,2200,1000,1000,200,10,27,27,540,540
262,2200,1000,1000,200,10,40,37,800,740
263,2200,1000,1000,200,10,44,41,880,820
264,2200,1000,1000,200,10,44,55,880,1100
265,2200,1000,1000,200,10,58,46,1160,920
266,2200,1000,1000,200,10,56,62,1120,1240
267,2200,1000,1000,200,10,52,48,1040,960
268,2200,1000,1000,200,10,35,41,700,820
269,2200,1000,1000,200,10,71,62,1420,1240
270,2200,1000,1000,200,10,30,32,600,640
271,2200,1000,1000,200,10,42,55,840,1100
272,2200,1000,1000,200,10,35,44,700,880
273,2200,1000,1000,200,10,43,57,860,1140
274,2200,1000,1000,200,10,40,50,800,1000
275,2200,1000,1000,200,10,61,64,1220,1280
276,2200,1000,1000,200,10,67,85,1340,1700
277,2200,1000,1000,200,10,80,78,1600,1560
278,2200,1000,1000,200,10,51,34,1020,680
279,2200,1000,1000,200,10,55,54,1100,1080
280,2200,1000,1000,200,10,30,50,600,1000
281,2200,1000,1000,200,10,48,54,960,1080
282,2200,1000,1000,200,10,75,80,1500,1600
283,2200,1000,1000,200,10,57,50,1140,1000
284,2200,1000,1000,200,10,20,21,400,420
285,2200,1000,1000,200,10,50,50,1000,1000
286,2200,1000,1000,200,10,54,61,1080,1220
287,2200,1000,1000,200,10,29,31,580,620
288,2200,1000,1000,200,10,63,56,1260,1120
289,2200,1000,1000,200,10,59,76,1180,1520
290,2200,1000,1000,200,10,55,58,1100,1160
291,2200,1000,1000,200,10,50,49,1000,980
292,2200,1000,1000,200,10,46,56,920,1120
293,2200,1000,1000,200,10,48,40,960,800
294,2200,1000,1000,200,10,43,56,860,1120
295,2200,1000,1000,200,10,48,52,960,1040
296,2200,1000,1000,200,10,44,53,880,1060
297,2200,1000,1000,200,10,32,25,640,500
298,2200,1000,1000,200,10,64,52,1280,1040
299,2200,1000,1000,200,10,51,46,1020,920
300,2200,1000,1000,200,10,28,20,560,400
301,2200,1000,1000,200,10,51,46,1020,920
302,2200,1000,1000,200,10,44,48,880,960
303,2200,1000,1000,200,10,48,44,960,880
304,2200,1000,1000,200,10,63,59,1260,1180
305,2200,1000,1000,200,10,34,45,680,900
306,2200,1000,1000,200,10,26,25,520,500
307,2200,1000,1000,200,10,65,56,1300,1120
308,2200,1000,1000,200,10,41,35,820,700
309,2200,1000,1000,200,10,21,26,420,520
310,2200,1000,1000,200,10,53,55,1060,1100
311,2200,1000,1000,200,10,43,42,860,840
312,2200,1000,1000,200,10,83,91,1660,1820
313,2200,1000,1000,200,10,39,43,780,860
314,2200,1000,1000,200,10,31,32,620,640
315,2200,1000,1000,200,10,38,36,760,720
316,2200,1000,1000,200,10,56,70,1120,1400
317,2200,1000,1000,200,10,54,51,1080,1020
318,2200,1000,1000,200,10,59,61,1180,1220
319,2200,1000,1000,200,10,62,59,1240,1180
320,2200,1000,1000,200,10,75,54,1500,1080
321,2200,1000,1000,200,10,66,81,1320,1620
322,2200,1000,1000,200,10,76,51,1520,1020
323,2200,1000,1000,200,10,49,69,980,1380
324,2200,1000,1000,200,10,47,42,940,840
325,2200,1000,1000,200,10,27,39,540,780
326,2200,1000,1000,200,10,35,37,700,740
327,2200,1000,1000,200,10,59,59,1180,1180
328,2200,1000,1000,200,10,41,33,820,660
329,2200,1000,1000,200,10,33,42,660,840
330,2200,1000,1000,200,10,45,44,900,880
331,2200,1000,1000,200,10,52,40,1040,800
332,2200,1000,1000,200,10,70,78,1400,1560
333,2200,1000,1000,200,10,53,67,1060,1340
334,2200,1000,1000,200,10,28,37,560,740
335,2200,1000,1000,200,11,56,59,1018.181818,1072.727273
336,2200,1000,1000,200,10,91,89,1820,1780
337,2200,1000,1000,200,10,52,58,1040,1160
338,2200,1000,1000,200,10,45,42,900,840
339,2200,1000,1000,200,10,40,48,800,960
340,2200,1000,1000,200,10,79,69,1580,1380
341,2200,1000,1000,200,10,38,50,760,1000
342,2200,1000,1000,200,10,63,55,1260,1100
343,2200,1000,1000,200,10,28,29,560,580
344,2200,1000,1000,200,10,67,80,1340,1600
345,2200,1000,1000,200,10,63,55,1260,1100
346,2200,1000,1000,200,10,26,24,520,480
347,2200,1000,1000,200,10,45,43,900,860
348,2200,1000,1000,200,10,64,57,1280,1140
349,2200,1000,1000,200,10,50,56,1000,1120
350,2200,1000,1000,200,10,60,60,1200,1200
351,2200,1000,1000,200,10,46,48,920,960
352,2200,1000,1000,200,10,47,77,940,1540
353,2200,1000,1000,200,10,67,52,1340,1040
354,2200,1000,1000,200,10,26,32,520,640
355,2200,1000,1000,200,10,29,28,580,560
356,2200,1000,1000,200,10,36,60,720,1200
357,2200,1000,1000,200,10,43,34,860,680
358,2200,1000,1000,200,10,58,48,1160,960
359,2200,1000,1000,200,10,60,50,1200,1000
360,2200,1000,1000,200,10,39,36,780,720
361,2200,1000,1000,200,10,24,31,480,620
362,2200,1000,1000,200,10,23,33,460,660
363,2200,1000,1000,200,10,40,37,800,740
364,2200,1000,1000,200,10,40,58,800,1160
365,2200,1000,1000,200,10,38,41,760,820
366,2200,1000,1000,200,10,43,50,860,1000
367,2200,1000,1000,200,10,29,31,580,620
368,2200,1000,1000,200,10,30,27,600,540
369,2200,1000,1000,200,10,63,62,1260,1240
370,2200,1000,1000,200,10,65,62,1300,1240
371,2200,1000,1000,200,10,43,52,860,1040
372,2200,1000,1000,200,10,58,53,1160,1060
373,2200,1000,1000,200,10,37,43,740,860
374,2200,1000,1000,200,10,79,67,1580,1340
375,2200,1000,1000,200,10,71,70,1420,1400
376,2200,1000,1000,200,10,44,35,880,700
377,2200,1000,1000,200,10,45,47,900,940
378,2200,1000,1000,200,10,57,55,1140,1100
379,2200,1000,1000,200,10,47,45,940,900
380,2200,1000,1000,200,10,24,33,480,660
381,2200,1000,1000,200,10,49,55,980,1100
382,2200,1000,1000,200,10,34,49,680,980
383,2200,1000,1000,200,10,33,36,660,720
384,2200,1000,1000,200,10,21,27,420,540
385,2200,1000,1000,200,10,53,45,1060,900
386,2200,1000,1000,200,10,78,66,1560,1320
387,2200,1000,1000,200,10,27,34,540,680
388,2200,1000,1000,200,10,50,43,1000,860
389,2200,1000,1000,200,10,37,27,740,540
390,2200,1000,1000,200,10,54,48,1080,960
391,2200,1000,1000,200,10,62,63,1240,1260
392,2200,1000,1000,200,10,33,44,660,880
393,2200,1000,1000,200,10,39,33,780,660
394,2200,1000,1000,200,10,40,49,800,980
395,2200,1000,1000,200,7,82,80,2342.857143,2285.714286
396,2200,1000,1000,200,10,54,48,1080,960
397,2200,1000,1000,200,10,31,46,620,920
398,2200,1000,1000,200,10,33,32,660,640
399,2200,1000,1000,200,10,50,53,1000,1060
400,2200,1000,1000,200,10,74,84,1480,1680
401,2200,1000,1000,200,10,41,30,820,600
402,2200,1000,1000,200,10,28,39,560,780
403,2200,1000,1000,200,10,75,74,1500,1480
404,2200,1000,1000,200,10,44,54,880,1080
405,2200,1000,1000,200,10,50,53,1000,1060
406,2200,1000,1000,200,10,32,28,640,560
407,2200,1000,1000,200,10,68,51,1360,1020
408,2200,1000,1000,200,10,46,59,920,1180
409,2200,1000,1000,200,10,78,60,1560,1200
410,2200,1000,1000,200,10,42,48,840,960
411,2200,1000,1000,200,10,38,24,760,480
412,2200,1000,1000,200,10,33,31,660,620
413,2200,1000,1000,200,10,29,60,580,1200
414,2200,1000,1000,200,10,67,65,1340,1300
415,2200,1000,1000,200,10,27,24,540,480
416,2200,1000,1000,200,10,46,33,920,660
417,2200,1000,1000,200,10,47,48,940,960
418,2200,1000,1000,200,10,38,21,760,420
419,2200,1000,1000,200,10,55,60,1100,1200
420,2200,1000,1000,200,10,31,32,620,640
421,2200,1000,1000,200,10,29,26,580,520
422,2200,1000,1000,200,10,75,64,1500,1280
423,2200,1000,1000,200,10,65,61,1300,1220
424,2200,1000,1000,200,10,52,62,1040,1240
425,2200,1000,1000,200,10,30,45,600,900
426,2200,1000,1000,200,10,124,99,2480,1980
427,2200,1000,1000,200,10,39,44,780,880
428,2200,1000,1000,200,10,70,50,1400,1000
429,2200,1000,1000,200,10,60,82,1200,1640
430,2200,1000,1000,200,10,75,78,1500,1560
431,2200,1000,1000,200,10,61,74,1220,1480
432,2200,1000,1000,200,10,52,58,1040,1160
433,2200,1000,1000,200,10,25,38,500,760
434,2200,1000,1000,200,10,89,84,1780,1680
435,2200,1000,1000,200,10,53,54,1060,1080
436,2200,1000,1000,200,10,43,41,860,820
437,2200,1000,1000,200,10,78,57,1560,1140
438,2200,1000,1000,200,10,47,58,940,1160
439,2200,1000,1000,200,10,82,51,1640,1020
440,2200,1000,1000,200,10,77,75,1540,1500
441,2200,1000,1000,200,10,47,46,940,920
442,2200,1000,1000,200,10,43,54,860,1080
443,2200,1000,1000,200,10,49,42,980,840
444,2200,1000,1000,200,10,54,71,1080,1420
445,2200,1000,1000,200,10,44,41,880,820
446,2200,1000,1000,200,10,31,39,620,780
447,2200,1000,1000,200,10,79,70,1580,1400
448,2200,1000,1000,200,10,58,49,1160,980
449,2200,1000,1000,200,10,75,83,1500,1660
450,2200,1000,1000,200,10,61,55,1220,1100
451,2200,1000,1000,200,10,68,62,1360,1240
452,2200,1000,1000,200,10,48,34,960,680
453,2200,1000,1000,200,10,48,44,960,880
454,2200,1000,1000,200,10,46,46,920,920
455,2200,1000,1000,200,10,23,24,460,480
456,2200,1000,1000,200,10,58,45,1160,900
457,2200,1000,1000,200,11,41,32,745.4545455,581.8181818
458,2200,1000,1000,200,10,47,34,940,680
459,2200,1000,1000,200,10,44,47,880,940
460,2200,1000,1000,200,10,39,36,780,720
461,2200,1000,1000,200,10,57,70,1140,1400
462,2200,1000,1000,200,10,27,23,540,460
463,2200,1000,1000,200,10,20,25,400,500
464,2200,1000,1000,200,10,19,42,380,840
465,2200,1000,1000,200,10,41,36,820,720
466,2200,1000,1000,200,10,23,29,460,580
467,2200,1000,1000,200,10,35,38,700,760
468,2200,1000,1000,200,10,53,49,1060,980
469,2200,1000,1000,200,10,76,65,1520,1300
470,2200,1000,1000,200,10,41,45,820,900
471,2200,1000,1000,200,10,62,60,1240,1200
472,2200,1000,1000,200,10,33,26,660,520
473,2200,1000,1000,200,10,45,48,900,960
474,2200,1000,1000,200,10,30,35,600,700
475,2200,1000,1000,200,10,51,51,1020,1020
476,2200,1000,1000,200,10,26,37,520,740
477,2200,1000,1000,200,10,37,32,740,640
478,2200,1000,1000,200,10,38,52,760,1040
479,2200,1000,1000,200,11,32,28,581.8181818,509.0909091
480,2200,1000,1000,200,10,56,52,1120,1040
481,2200,1000,1000,200,10,62,80,1240,1600
482,2200,1000,1000,200,10,48,39,960,780
483,2200,1000,1000,200,10,43,40,860,800
484,2200,1000,1000,200,10,47,51,940,1020
485,2200,1000,1000,200,10,34,41,680,820
486,2200,1000,1000,200,10,47,38,940,760
487,2200,1000,1000,200,10,46,70,920,1400
488,2200,1000,1000,200,10,34,26,680,520
489,2200,1000,1000,200,10,25,23,500,460
490,2200,1000,1000,200,10,68,77,1360,1540
491,2200,1000,1000,200,10,37,45,740,900
492,2200,1000,1000,200,10,42,42,840,840
493,2200,1000,1000,200,10,33,28,660,560
494,2200,1000,1000,200,10,61,54,1220,1080
495,2200,1000,1000,200,10,77,71,1540,1420
496,2200,1000,1000,200,10,32,38,640,760
497,2200,1000,1000,200,10,47,62,940,1240
498,2200,1000,1000,200,10,41,38,820,760
499,2200,1000,1000,200,10,30,40,600,800
500,2200,1000,1000,200,10,44,40,880,800
501,2200,1000,1000,200,10,47,45,940,900
502,2200,1000,1000,200,10,79,55,1580,1100
503,2200,1000,1000,200,10,45,37,900,740
504,2200,1000,1000,200,10,65,69,1300,1380
505,2200,1000,1000,200,10,42,33,840,660
506,2200,1000,1000,200,10,24,32,480,640
507,2200,1000,1000,200,10,45,49,900,980
508,2200,1000,1000,200,10,72,69,1440,1380
509,2200,1000,1000,200,10,49,43,980,860
510,2200,1000,1000,200,10,55,43,1100,860
511,2200,1000,1000,200,10,71,80,1420,1600
512,2200,1000,1000,200,10,30,22,600,440
513,2200,1000,1000,200,10,55,50,1100,1000
514,2200,1000,1000,200,10,33,28,660,560
515,2200,1000,1000,200,10,23,19,460,380
516,2200,1000,1000,200,10,72,63,1440,1260
517,2200,1000,1000,200,10,35,53,700,1060
518,2200,1000,1000,200,10,54,46,1080,920
519,2200,1000,1000,200,10,56,56,1120,1120
520,2200,1000,1000,200,10,44,35,880,700
521,2200,1000,1000,200,10,43,46,860,920
522,2200,1000,1000,200,10,50,55,1000,1100
523,2200,1000,1000,200,10,60,65,1200,1300
524,2200,1000,1000,200,10,31,24,620,480
525,2200,1000,1000,200,10,51,43,1020,860
526,2200,1000,1000,200,10,29,32,580,640
527,2200,1000,1000,200,10,54,64,1080,1280
528,2200,1000,1000,200,10,60,52,1200,1040
529,2200,1000,1000,200,10,46,54,920,1080
530,2200,1000,1000,200,10,36,28,720,560
531,2200,1000,1000,200,10,17,23,340,460
532,2200,1000,1000,200,10,52,33,1040,660
533,2200,1000,1000,200,10,33,39,660,780
534,2200,1000,1000,200,10,40,29,800,580
535,2200,1000,1000,200,10,54,71,1080,1420
536,2200,1000,1000,200,10,55,59,1100,1180
537,2200,1000,1000,200,10,62,70,1240,1400
538,2200,1000,1000,200,10,43,43,860,860
539,2200,1000,1000,200,10,40,42,800,840
540,2200,1000,1000,200,10,45,54,900,1080
541,2200,1000,1000,200,10,50,66,1000,1320
542,2200,1000,1000,200,10,59,54,1180,1080
543,2200,1000,1000,200,10,54,52,1080,1040
544,2200,1000,1000,200,10,23,24,460,480
545,2200,1000,1000,200,10,36,33,720,660
546,2200,1000,1000,200,10,42,44,840,880
547,2200,1000,1000,200,10,56,54,1120,1080
548,2200,1000,1000,200,10,47,33,940,660
549,2200,1000,1000,200,10,54,61,1080,1220
550,2200,1000,1000,200,10,42,44,840,880
551,2200,1000,1000,200,10,37,40,740,800
552,2200,1000,1000,200,10,64,67,1280,1340
553,2200,1000,1000,200,10,27,29,540,580
554,2200,1000,1000,200,10,40,42,800,840
555,2200,1000,1000,200,10,91,66,1820,1320
556,2200,1000,1000,200,10,52,57,1040,1140
557,2200,1000,1000,200,10,43,29,860,580
558,2200,1000,1000,200,11,31,29,563.6363636,527.2727273
559,2200,1000,1000,200,10,68,55,1360,1100
560,2200,1000,1000,200,10,41,59,820,1180
561,2200,1000,1000,200,10,39,61,780,1220
562,2200,1000,1000,200,10,51,51,1020,1020
563,2200,1000,1000,200,10,60,67,1200,1340
564,2200,1000,1000,200,10,46,45,920,900
565,2200,1000,1000,200,10,45,50,900,1000
566,2200,1000,1000,200,10,58,43,1160,860
567,2200,1000,1000,200,10,50,41,1000,820
568,2200,1000,1000,200,10,71,71,1420,1420
569,2200,1000,1000,200,10,40,43,800,860
570,2200,1000,1000,200,10,54,70,1080,1400
571,2200,1000,1000,200,10,60,48,1200,960
572,2200,1000,1000,200,10,50,41,1000,820
573,2200,1000,1000,200,10,36,41,720,820
574,2200,1000,1000,200,10,56,50,1120,1000
575,2200,1000,1000,200,10,67,80,1340,1600
576,2200,1000,1000,200,10,42,50,840,1000
577,2200,1000,1000,200,10,28,33,560,660
578,2200,1000,1000,200,9,79,82,1755.555556,1822.222222
579,2200,1000,1000,200,10,55,50,1100,1000
580,2200,1000,1000,200,10,48,60,960,1200
581,2200,1000,1000,200,10,33,32,660,640
582,2200,1000,1000,200,10,29,35,580,700
583,2200,1000,1000,200,10,84,73,1680,1460
584,2200,1000,1000,200,10,46,49,920,980
585,2200,1000,1000,200,10,96,90,1920,1800
586,2200,1000,1000,200,10,42,44,840,880
587,2200,1000,1000,200,10,30,37,600,740
588,2200,1000,1000,200,10,34,33,680,660
589,2200,1000,1000,200,10,35,50,700,1000
590,2200,1000,1000,200,10,73,47,1460,940
591,2200,1000,1000,200,10,82,68,1640,1360
592,2200,1000,1000,200,10,34,26,680,520
593,2200,1000,1000,200,10,24,27,480,540
594,2200,1000,1000,200,10,83,82,1660,1640
595,2200,1000,1000,200,10,68,61,1360,1220
596,2200,1000,1000,200,10,72,64,1440,1280
597,2200,1000,1000,200,10,58,68,1160,1360
598,2200,1000,1000,200,10,31,46,620,920
599,2200,1000,1000,200,10,34,36,680,720
600,2200,1000,1000,200,10,74,88,1480,1760
601,2200,1000,1000,200,10,47,49,940,980
602,2200,1000,1000,200,10,52,47,1040,940
603,2200,1000,1000,200,10,31,35,620,700
604,2200,1000,1000,200,10,66,56,1320,1120
605,2200,1000,1000,200,10,47,53,940,1060
606,2200,1000,1000,200,10,49,70,980,1400
607,2200,1000,1000,200,10,43,60,860,1200
608,2200,1000,1000,200,10,35,30,700,600
609,2200,1000,1000,200,10,64,58,1280,1160
610,2200,1000,1000,200,10,50,47,1000,940
611,2200,1000,1000,200,10,52,43,1040,860
612,2200,1000,1000,200,10,66,69,1320,1380
613,2200,1000,1000,200,10,42,43,840,860
614,2200,1000,1000,200,10,54,64,1080,1280
615,2200,1000,1000,200,10,30,42,600,840
616,2200,1000,1000,200,10,28,20,560,400
617,2200,1000,1000,200,10,55,60,1100,1200
618,2200,1000,1000,200,10,26,20,520,400
619,2200,1000,1000,200,10,50,39,1000,780
620,2200,1000,1000,200,10,54,63,1080,1260
621,2200,1000,1000,200,10,49,59,980,1180
622,2200,1000,1000,200,10,61,42,1220,840
623,2200,1000,1000,200,10,59,51,1180,1020
624,2200,1000,1000,200,10,36,38,720,760
625,2200,1000,1000,200,10,51,42,1020,840
626,2200,1000,1000,200,10,79,77,1580,1540
627,2200,1000,1000,200,10,55,73,1100,1460
628,2200,1000,1000,200,10,30,40,600,800
629,2200,1000,1000,200,10,46,50,920,1000
630,2200,1000,1000,200,10,51,55,1020,1100
631,2200,1000,1000,200,10,42,47,840,940
632,2200,1000,1000,200,10,70,67,1400,1340
633,2200,1000,1000,200,10,57,65,1140,1300
634,2200,1000,1000,200,10,41,54,820,1080
635,2200,1000,1000,200,10,52,43,1040,860
636,2200,1000,1000,200,10,67,67,1340,1340
637,2200,1000,1000,200,10,79,64,1580,1280
638,2200,1000,1000,200,10,58,58,1160,1160
639,2200,1000,1000,200,10,63,60,1260,1200
640,2200,1000,1000,200,10,78,70,1560,1400
641,2200,1000,1000,200,10,39,51,780,1020
642,2200,1000,1000,200,10,70,59,1400,1180
643,2200,1000,1000,200,10,33,53,660,1060
644,2200,1000,1000,200,10,70,59,1400,1180
645,2200,1000,1000,200,10,58,50,1160,1000
646,2200,1000,1000,200,10,42,30,840,600
647,2200,1000,1000,200,10,31,39,620,780
648,2200,1000,1000,200,10,58,49,1160,980
649,2200,1000,1000,200,10,75,75,1500,1500
650,2200,1000,1000,200,10,48,59,960,1180
651,2200,1000,1000,200,10,30,32,600,640
652,2200,1000,1000,200,10,53,41,1060,820
653,2200,1000,1000,200,10,63,72,1260,1440
654,2200,1000,1000,200,10,39,36,780,720
655,2200,1000,1000,200,10,42,48,840,960
656,2200,1000,1000,200,10,42,29,840,580
657,2200,1000,1000,200,10,32,35,640,700
658,2200,1000,1000,200,10,39,37,780,740
659,2200,1000,1000,200,10,53,48,1060,960
660,2200,1000,1000,200,10,50,50,1000,1000
661,2200,1000,1000,200,10,60,55,1200,1100
662,2200,1000,1000,200,10,36,41,720,820
663,2200,1000,1000,200,10,39,46,780,920
664,2200,1000,1000,200,10,74,77,1480,1540
665,2200,1000,1000,200,10,30,23,600,460
666,2200,1000,1000,200,10,32,41,640,820
667,2200,1000,1000,200,10,60,58,1200,1160
668,2200,1000,1000,200,10,53,54,1060,1080
669,2200,1000,1000,200,10,53,59,1060,1180
670,2200,1000,1000,200,10,49,61,980,1220
671,2200,1000,1000,200,10,53,51,1060,1020
672,2200,1000,1000,200,10,53,47,1060,940
673,2200,1000,1000,200,10,50,68,1000,1360
674,2200,1000,1000,200,10,43,49,860,980
675,2200,1000,1000,200,10,32,53,640,1060
676,2200,1000,1000,200,10,45,49,900,980
677,2200,1000,1000,200,10,49,51,980,1020
678,2200,1000,1000,200,10,58,71,1160,1420
679,2200,1000,1000,200,10,42,29,840,580
680,2200,1000,1000,200,10,79,76,1580,1520
681,2200,1000,1000,200,10,64,57,1280,1140
682,2200,1000,1000,200,10,61,28,1220,560
683,2200,1000,1000,200,10,69,69,1380,1380
684,2200,1000,1000,200,10,70,86,1400,1720
685,2200,1000,1000,200,10,48,32,960,640
686,2200,1000,1000,200,10,64,71,1280,1420
687,2200,1000,1000,200,10,79,65,1580,1300
688,2200,1000,1000,200,10,60,64,1200,1280
689,2200,1000,1000,200,10,63,65,1260,1300
690,2200,1000,1000,200,10,57,66,1140,1320
691,2200,1000,1000,200,10,44,40,880,800
692,2200,1000,1000,200,10,49,62,980,1240
693,2200,1000,1000,200,10,47,56,940,1120
694,2200,1000,1000,200,10,56,49,1120,980
695,2200,1000,1000,200,10,43,32,860,640
696,2200,1000,1000,200,10,30,25,600,500
697,2200,1000,1000,200,10,52,63,1040,1260
698,2200,1000,1000,200,10,52,55,1040,1100
699,2200,1000,1000,200,10,69,57,1380,1140
700,2200,1000,1000,200,10,35,27,700,540
701,2200,1000,1000,200,10,36,38,720,760
702,2200,1000,1000,200,10,81,55,1620,1100
703,2200,1000,1000,200,10,62,84,1240,1680
704,2200,1000,1000,200,10,81,65,1620,1300
705,2200,1000,1000,200,10,29,42,580,840
706,2200,1000,1000,200,10,51,51,1020,1020
707,2200,1000,1000,200,10,74,68,1480,1360
708,2200,1000,1000,200,10,42,53,840,1060
709,2200,1000,1000,200,10,81,61,1620,1220
710,2200,1000,1000,200,10,96,96,1920,1920
711,2200,1000,1000,200,10,40,33,800,660
712,2200,1000,1000,200,10,42,46,840,920
713,2200,1000,1000,200,10,41,48,820,960
714,2200,1000,1000,200,10,68,74,1360,1480
715,2200,1000,1000,200,10,23,30,460,600
716,2200,1000,1000,200,10,43,45,860,900
717,2200,1000,1000,200,10,78,62,1560,1240
718,2200,1000,1000,200,10,51,37,1020,740
719,2200,1000,1000,200,10,51,58,1020,1160
720,2200,1000,1000,200,10,50,36,1000,720
721,2200,1000,1000,200,11,34,47,618.1818182,854.5454545
722,2200,1000,1000,200,10,23,32,460,640
723,2200,1000,1000,200,10,48,55,960,1100
724,2200,1000,1000,200,10,44,36,880,720
725,2200,1000,1000,200,10,65,54,1300,1080
726,2200,1000,1000,200,10,40,36,800,720
727,2200,1000,1000,200,10,88,79,1760,1580
728,2200,1000,1000,200,10,88,84,1760,1680
729,2200,1000,1000,200,10,42,60,840,1200
730,2200,1000,1000,200,10,71,42,1420,840
731,2200,1000,1000,200,10,49,55,980,1100
732,2200,1000,1000,200,10,30,42,600,840
733,2200,1000,1000,200,10,50,58,1000,1160
734,2200,1000,1000,200,10,63,74,1260,1480
735,2200,1000,1000,200,10,86,71,1720,1420
736,2200,1000,1000,200,10,84,71,1680,1420
737,2200,1000,1000,200,8,105,77,2625,1925
738,2200,1000,1000,200,10,48,37,960,740
739,2200,1000,1000,200,10,23,23,460,460
740,2200,1000,1000,200,10,69,77,1380,1540
741,2200,1000,1000,200,10,42,48,840,960
742,2200,1000,1000,200,10,58,60,1160,1200
743,2200,1000,1000,200,10,37,33,740,660
744,2200,1000,1000,200,10,53,57,1060,1140
745,2200,1000,1000,200,10,49,57,980,1140
746,2200,1000,1000,200,10,52,47,1040,940
747,2200,1000,1000,200,10,50,41,1000,820
748,2200,1000,1000,200,10,54,64,1080,1280
749,2200,1000,1000,200,10,59,64,1180,1280
750,2200,1000,1000,200,8,97,83,2425,2075
751,2200,1000,1000,200,10,45,41,900,820
752,2200,1000,1000,200,10,57,62,1140,1240
753,2200,1000,1000,200,10,77,66,1540,1320
754,2200,1000,1000,200,10,36,41,720,820
755,2200,1000,1000,200,10,41,51,820,1020
756,2200,1000,1000,200,10,76,64,1520,1280
757,2200,1000,1000,200,8,83,89,2075,2225
758,2200,1000,1000,200,10,36,36,720,720
759,2200,1000,1000,200,10,23,18,460,360
760,2200,1000,1000,200,10,44,56,880,1120
761,2200,1000,1000,200,10,21,23,420,460
762,2200,1000,1000,200,10,24,36,480,720
763,2200,1000,1000,200,10,35,51,700,1020
764,2200,1000,1000,200,10,62,69,1240,1380
765,2200,1000,1000,200,10,16,15,320,300
766,2200,1000,1000,200,10,43,38,860,760
767,2200,1000,1000,200,10,43,40,860,800
768,2200,1000,1000,200,10,56,61,1120,1220
769,2200,1000,1000,200,10,52,41,1040,820
770,2200,1000,1000,200,10,44,30,880,600
771,2200,1000,1000,200,10,75,66,1500,1320
772,2200,1000,1000,200,10,39,37,780,740
773,2200,1000,1000,200,10,51,41,1020,820
774,2200,1000,1000,200,10,53,47,1060,940
775,2200,1000,1000,200,10,21,32,420,640
776,2200,1000,1000,200,10,21,43,420,860
777,2200,1000,1000,200,10,36,35,720,700
778,2200,1000,1000,200,10,60,51,1200,1020
779,2200,1000,1000,200,10,62,56,1240,1120
780,2200,1000,1000,200,10,34,38,680,760
781,2200,1000,1000,200,10,94,71,1880,1420
782,2200,1000,1000,200,10,27,15,540,300
783,2200,1000,1000,200,10,41,43,820,860
784,2200,1000,1000,200,10,52,61,1040,1220
785,2200,1000,1000,200,10,64,55,1280,1100
786,2200,1000,1000,200,10,62,65,1240,1300
787,2200,1000,1000,200,10,46,57,920,1140
788,2200,1000,1000,200,10,37,34,740,680
789,2200,1000,1000,200,10,66,53,1320,1060
790,2200,1000,1000,200,10,57,57,1140,1140
791,2200,1000,1000,200,10,65,69,1300,1380
792,2200,1000,1000,200,10,51,39,1020,780
793,2200,1000,1000,200,10,80,61,1600,1220
794,2200,1000,1000,200,10,37,32,740,640
795,2200,1000,1000,200,10,49,61,980,1220
796,2200,1000,1000,200,10,55,66,1100,1320
797,2200,1000,1000,200,10,50,57,1000,1140
798,2200,1000,1000,200,10,66,76,1320,1520
799,2200,1000,1000,200,9,97,103,2155.555556,2288.888889
800,2200,1000,1000,200,10,44,53,880,1060
801,2200,1000,1000,200,10,27,34,540,680
802,2200,1000,1000,200,10,55,66,1100,1320
803,2200,1000,1000,200,10,21,17,420,340
804,2200,1000,1000,200,10,50,43,1000,860
805,2200,1000,1000,200,10,58,59,1160,1180
806,2200,1000,1000,200,10,31,27,620,540
807,2200,1000,1000,200,10,73,57,1460,1140
808,2200,1000,1000,200,10,38,45,760,900
809,2200,1000,1000,200,10,40,41,800,820
810,2200,1000,1000,200,10,62,59,1240,1180
811,2200,1000,1000,200,10,57,54,1140,1080
812,2200,1000,1000,200,10,43,43,860,860
813,2200,1000,1000,200,10,35,52,700,1040
814,2200,1000,1000,200,10,51,44,1020,880
815,2200,1000,1000,200,10,42,60,840,1200
816,2200,1000,1000,200,10,52,55,1040,1100
817,2200,1000,1000,200,10,55,53,1100,1060
818,2200,1000,1000,200,10,58,55,1160,1100
819,2200,1000,1000,200,10,46,58,920,1160
820,2200,1000,1000,200,10,32,40,640,800
821,2200,1000,1000,200,10,61,67,1220,1340
822,2200,1000,1000,200,10,77,55,1540,1100
823,2200,1000,1000,200,10,32,36,640,720
824,2200,1000,1000,200,10,22,31,440,620
825,2200,1000,1000,200,10,42,32,840,640
826,2200,1000,1000,200,10,82,65,1640,1300
827,2200,1000,1000,200,10,47,32,940,640
828,2200,1000,1000,200,10,52,49,1040,980
829,2200,1000,1000,200,10,45,42,900,840
830,2200,1000,1000,200,10,69,74,1380,1480
831,2200,1000,1000,200,10,77,66,1540,1320
832,2200,1000,1000,200,10,65,73,1300,1460
833,2200,1000,1000,200,10,85,73,1700,1460
834,2200,1000,1000,200,10,55,63,1100,1260
835,2200,1000,1000,200,10,42,49,840,980
836,2200,1000,1000,200,10,78,92,1560,1840
837,2200,1000,1000,200,10,63,47,1260,940
838,2200,1000,1000,200,6,81,84,2700,2800
839,2200,1000,1000,200,10,72,68,1440,1360
840,2200,1000,1000,200,10,54,57,1080,1140
841,2200,1000,1000,200,10,46,64,920,1280
842,2200,1000,1000,200,10,19,25,380,500
843,2200,1000,1000,200,10,34,44,680,880
844,2200,1000,1000,200,10,38,52,760,1040
845,2200,1000,1000,200,10,41,50,820,1000
846,2200,1000,1000,200,10,37,27,740,540
847,2200,1000,1000,200,10,66,62,1320,1240
848,2200,1000,1000,200,10,61,57,1220,1140
849,2200,1000,1000,200,10,64,83,1280,1660
850,2200,1000,1000,200,10,43,45,860,900
851,2200,1000,1000,200,10,53,57,1060,1140
852,2200,1000,1000,200,10,60,67,1200,1340
853,2200,1000,1000,200,10,23,25,460,500
854,2200,1000,1000,200,10,52,56,1040,1120
855,2200,1000,1000,200,10,52,59,1040,1180
856,2200,1000,1000,200,10,42,46,840,920
857,2200,1000,1000,200,10,25,25,500,500
858,2200,1000,1000,200,10,38,42,760,840
859,2200,1000,1000,200,10,48,26,960,520
860,2200,1000,1000,200,10,69,79,1380,1580
861,2200,1000,1000,200,10,32,42,640,840
862,2200,1000,1000,200,10,45,37,900,740
863,2200,1000,1000,200,10,45,42,900,840
864,2200,1000,1000,200,10,56,70,1120,1400
865,2200,1000,1000,200,10,29,32,580,640
866,2200,1000,1000,200,8,80,79,2000,1975
867,2200,1000,1000,200,10,44,47,880,940
868,2200,1000,1000,200,10,42,40,840,800
869,2200,1000,1000,200,10,48,48,960,960
870,2200,1000,1000,200,10,38,41,760,820
871,2200,1000,1000,200,10,34,45,680,900
872,2200,1000,1000,200,10,43,34,860,680
873,2200,1000,1000,200,10,50,48,1000,960
874,2200,1000,1000,200,10,30,31,600,620
875,2200,1000,1000,200,8,81,96,2025,2400
876,2200,1000,1000,200,10,46,46,920,920
877,2200,1000,1000,200,10,42,45,840,900
878,2200,1000,1000,200,10,11,18,220,360
879,2200,1000,1000,200,10,69,57,1380,1140
880,2200,1000,1000,200,10,78,66,1560,1320
881,2200,1000,1000,200,10,32,31,640,620
882,2200,1000,1000,200,10,50,55,1000,1100
883,2200,1000,1000,200,11,51,38,927.2727273,690.9090909
884,2200,1000,1000,200,10,59,47,1180,940
885,2200,1000,1000,200,10,34,44,680,880
886,2200,1000,1000,200,10,73,57,1460,1140
887,2200,1000,1000,200,10,61,49,1220,980
888,2200,1000,1000,200,10,75,57,1500,1140
889,2200,1000,1000,200,10,46,64,920,1280
890,2200,1000,1000,200,10,28,47,560,940
891,2200,1000,1000,200,10,96,90,1920,1800
892,2200,1000,1000,200,10,45,64,900,1280
893,2200,1000,1000,200,10,41,26,820,520
894,2200,1000,1000,200,10,63,57,1260,1140
895,2200,1000,1000,200,10,44,44,880,880
896,2200,1000,1000,200,10,73,49,1460,980
897,2200,1000,1000,200,10,27,21,540,420
898,2200,1000,1000,200,10,57,40,1140,800
899,2200,1000,1000,200,10,41,49,820,980
900,2200,1000,1000,200,10,34,42,680,840
901,2200,1000,1000,200,10,34,34,680,680
902,2200,1000,1000,200,10,32,28,640,560
903,2200,1000,1000,200,10,91,85,1820,1700
904,2200,1000,1000,200,10,40,39,800,780
905,2200,1000,1000,200,10,68,73,1360,1460
906,2200,1000,1000,200,10,26,33,520,660
907,2200,1000,1000,200,10,54,48,1080,960
908,2200,1000,1000,200,10,48,62,960,1240
909,2200,1000,1000,200,10,39,33,780,660
910,2200,1000,1000,200,10,44,43,880,860
911,2200,1000,1000,200,10,61,57,1220,1140
912,2200,1000,1000,200,10,58,48,1160,960
913,2200,1000,1000,200,10,45,69,900,1380
914,2200,1000,1000,200,10,39,32,780,640
915,2200,1000,1000,200,10,45,26,900,520
916,2200,1000,1000,200,10,70,74,1400,1480
917,2200,1000,1000,200,10,72,68,1440,1360
918,2200,1000,1000,200,10,42,34,840,680
919,2200,1000,1000,200,10,40,32,800,640
920,2200,1000,1000,200,10,50,67,1000,1340
921,2200,1000,1000,200,10,44,61,880,1220
922,2200,1000,1000,200,10,38,41,760,820
923,2200,1000,1000,200,10,32,30,640,600
924,2200,1000,1000,200,10,45,34,900,680
925,2200,1000,1000,200,10,40,42,800,840
926,2200,1000,1000,200,10,42,66,840,1320
927,2200,1000,1000,200,10,49,56,980,1120
928,2200,1000,1000,200,10,42,34,840,680
929,2200,1000,1000,200,10,45,50,900,1000
930,2200,1000,1000,200,10,55,50,1100,1000
931,2200,1000,1000,200,10,58,74,1160,1480
932,2200,1000,1000,200,10,58,44,1160,880
933,2200,1000,1000,200,10,44,40,880,800
934,2200,1000,1000,200,10,53,54,1060,1080
935,2200,1000,1000,200,10,39,32,780,640
936,2200,1000,1000,200,10,36,34,720,680
937,2200,1000,1000,200,10,79,78,1580,1560
938,2200,1000,1000,200,10,36,42,720,840
939,2200,1000,1000,200,10,30,40,600,800
940,2200,1000,1000,200,10,52,59,1040,1180
941,2200,1000,1000,200,10,51,42,1020,840
942,2200,1000,1000,200,10,37,39,740,780
943,2200,1000,1000,200,10,72,63,1440,1260
944,2200,1000,1000,200,10,49,54,980,1080
945,2200,1000,1000,200,10,17,23,340,460
946,2200,1000,1000,200,10,65,65,1300,1300
947,2200,1000,1000,200,10,44,49,880,980
948,2200,1000,1000,200,10,50,41,1000,820
949,2200,1000,1000,200,10,34,43,680,860
950,2200,1000,1000,200,10,23,27,460,540
951,2200,1000,1000,200,10,24,34,480,680
952,2200,1000,1000,200,10,55,37,1100,740
953,2200,1000,1000,200,10,27,30,540,600
954,2200,1000,1000,200,10,27,27,540,540
955,2200,1000,1000,200,10,21,24,420,480
956,2200,1000,1000,200,10,41,52,820,1040
957,2200,1000,1000,200,10,36,52,720,1040
958,2200,1000,1000,200,10,25,42,500,840
959,2200,1000,1000,200,10,47,49,940,980
960,2200,1000,1000,200,10,27,27,540,540
961,2200,1000,1000,200,10,42,34,840,680
962,2200,1000,1000,200,10,58,66,1160,1320
963,2200,1000,1000,200,10,45,55,900,1100
964,2200,1000,1000,200,10,50,44,1000,880
965,2200,1000,1000,200,10,39,46,780,920
966,2200,1000,1000,200,10,76,82,1520,1640
967,2200,1000,1000,200,10,74,64,1480,1280
968,2200,1000,1000,200,10,19,29,380,580
969,2200,1000,1000,200,10,23,25,460,500
970,2200,1000,1000,200,10,33,37,660,740
971,2200,1000,1000,200,10,50,54,1000,1080
972,2200,1000,1000,200,10,50,49,1000,980
973,2200,1000,1000,200,10,62,54,1240,1080
974,2200,1000,1000,200,10,41,54,820,1080
975,2200,1000,1000,200,10,51,48,1020,960
976,2200,1000,1000,200,10,51,63,1020,1260
977,2200,1000,1000,200,10,64,81,1280,1620
978,2200,1000,1000,200,10,51,60,1020,1200
979,2200,1000,1000,200,10,49,62,980,1240
980,2200,1000,1000,200,10,39,29,780,580
981,2200,1000,1000,200,10,25,12,500,240
982,2200,1000,1000,200,10,66,59,1320,1180
983,2200,1000,1000,200,10,38,42,760,840
984,2200,1000,1000,200,10,67,69,1340,1380
985,2200,1000,1000,200,10,53,59,1060,1180
986,2200,1000,1000,200,10,35,52,700,1040
987,2200,1000,1000,200,10,49,43,980,860
988,2200,1000,1000,200,10,48,51,960,1020
989,2200,1000,1000,200,10,64,57,1280,1140
990,2200,1000,1000,200,10,61,48,1220,960
991,2200,1000,1000,200,10,41,42,820,840
992,2200,1000,1000,200,10,49,46,980,920
993,2200,1000,1000,200,10,64,44,1280,880
994,2200,1000,1000,200,10,41,38,820,760
995,2200,1000,1000,200,10,30,43,600,860
996,2200,1000,1000,200,10,41,46,820,920
997,2200,1000,1000,200,10,35,38,700,760
998,2200,1000,1000,200,10,62,60,1240,1200
999,2200,1000,1000,200,10,57,63,1140,1260
1000,2200,1000,1000,200,10,35,44,700,880
