sim,total,target,marker,other,marker_count,target_count,other_count,c_hat,cum_x_mean,cum_n_mean,cum_c_hat
1,1200,1000,200,0,10,42,0,840,42,10,840
2,1200,1000,200,0,10,26,0,520,34,10,680
3,1200,1000,200,0,10,42,0,840,36.66666667,10,733.3333333
4,1200,1000,200,0,10,82,0,1640,48,10,960
5,1200,1000,200,0,10,51,0,1020,48.6,10,972
6,1200,1000,200,0,10,77,0,1540,53.33333333,10,1066.666667
7,1200,1000,200,0,10,41,0,820,51.57142857,10,1031.428571
8,1200,1000,200,0,10,53,0,1060,51.75,10,1035
9,1200,1000,200,0,10,82,0,1640,55.11111111,10,1102.222222
10,1200,1000,200,0,10,61,0,1220,55.7,10,1114
11,1200,1000,200,0,10,52,0,1040,55.36363636,10,1107.272727
12,1200,1000,200,0,11,61,0,1109.090909,55.83333333,10.08333333,1107.438017
13,1200,1000,200,0,10,32,0,640,54,10.07692308,1071.755725
14,1200,1000,200,0,10,51,0,1020,53.78571429,10.07142857,1068.085106
15,1200,1000,200,0,10,81,0,1620,55.6,10.06666667,1104.635762
16,1200,1000,200,0,10,42,0,840,54.75,10.0625,1088.198758
17,1200,1000,200,0,10,22,0,440,52.82352941,10.05882353,1050.292398
18,1200,1000,200,0,10,59,0,1180,53.16666667,10.05555556,1057.458564
19,1200,1000,200,0,10,42,0,840,52.57894737,10.05263158,1046.073298
20,1200,1000,200,0,10,24,0,480,51.15,10.05,1017.910448
21,1200,1000,200,0,10,57,0,1140,51.42857143,10.04761905,1023.696682
22,1200,1000,200,0,10,64,0,1280,52,10.04545455,1035.294118
23,1200,1000,200,0,10,81,0,1620,53.26086957,10.04347826,1060.606061
24,1200,1000,200,0,10,36,0,720,52.54166667,10.04166667,1046.473029
25,1200,1000,200,0,10,56,0,1120,52.68,10.04,1049.40239
26,1200,1000,200,0,10,69,0,1380,53.30769231,10.03846154,1062.068966
27,1200,1000,200,0,10,23,0,460,52.18518519,10.03703704,1039.852399
28,1200,1000,200,0,10,41,0,820,51.78571429,10.03571429,1032.02847
29,1200,1000,200,0,10,61,0,1220,52.10344828,10.03448276,1038.487973
30,1200,1000,200,0,10,40,0,800,51.7,10.03333333,1030.564784
31,1200,1000,200,0,10,27,0,540,50.90322581,10.03225806,1014.790997
32,1200,1000,200,0,10,44,0,880,50.6875,10.03125,1010.5919
33,1200,1000,200,0,10,44,0,880,50.48484848,10.03030303,1006.646526
34,1200,1000,200,0,10,32,0,640,49.94117647,10.02941176,995.8944282
35,1200,1000,200,0,10,44,0,880,49.77142857,10.02857143,992.5925926
36,1200,1000,200,0,10,69,0,1380,50.30555556,10.02777778,1003.3241
37,1200,1000,200,0,10,45,0,900,50.16216216,10.02702703,1000.539084
38,1200,1000,200,0,10,71,0,1420,50.71052632,10.02631579,1011.548556
39,1200,1000,200,0,10,49,0,980,50.66666667,10.02564103,1010.741688
40,1200,1000,200,0,10,66,0,1320,51.05,10.025,1018.453865
41,1200,1000,200,0,10,48,0,960,50.97560976,10.02439024,1017.03163
42,1200,1000,200,0,11,53,0,963.6363636,51.02380952,10.04761905,1015.63981
43,1200,1000,200,0,10,59,0,1180,51.20930233,10.04651163,1019.444444
44,1200,1000,200,0,10,44,0,880,51.04545455,10.04545455,1016.289593
45,1200,1000,200,0,10,85,0,1700,51.8,10.04444444,1031.415929
46,1200,1000,200,0,10,68,0,1360,52.15217391,10.04347826,1038.528139
47,1200,1000,200,0,10,69,0,1380,52.5106383,10.04255319,1045.762712
48,1200,1000,200,0,10,55,0,1100,52.5625,10.04166667,1046.887967
49,1200,1000,200,0,10,62,0,1240,52.75510204,10.04081633,1050.813008
50,1200,1000,200,0,5,95,0,3800,53.6,9.94,1078.470825
51,1200,1000,200,0,10,49,0,980,53.50980392,9.941176471,1076.5286
52,1200,1000,200,0,10,47,0,940,53.38461538,9.942307692,1073.887814
53,1200,1000,200,0,10,48,0,960,53.28301887,9.943396226,1071.726755
54,1200,1000,200,0,10,53,0,1060,53.27777778,9.944444444,1071.50838
55,1200,1000,200,0,10,69,0,1380,53.56363636,9.945454545,1077.14808
56,1200,1000,200,0,10,47,0,940,53.44642857,9.946428571,1074.685817
57,1200,1000,200,0,10,73,0,1460,53.78947368,9.947368421,1081.481481
58,1200,1000,200,0,10,30,0,600,53.37931034,9.948275862,1073.136915
59,1200,1000,200,0,10,50,0,1000,53.3220339,9.949152542,1071.890971
60,1200,1000,200,0,10,58,0,1160,53.4,9.95,1073.366834
61,1200,1000,200,0,10,28,0,560,52.98360656,9.950819672,1064.90939
62,1200,1000,200,0,10,45,0,900,52.85483871,9.951612903,1062.236629
63,1200,1000,200,0,10,58,0,1160,52.93650794,9.952380952,1063.795853
64,1200,1000,200,0,10,53,0,1060,52.9375,9.953125,1063.736264
65,1200,1000,200,0,10,28,0,560,52.55384615,9.953846154,1055.950541
66,1200,1000,200,0,10,57,0,1140,52.62121212,9.954545455,1057.229833
67,1200,1000,200,0,10,42,0,840,52.46268657,9.955223881,1053.973013
68,1200,1000,200,0,10,63,0,1260,52.61764706,9.955882353,1057.016248
69,1200,1000,200,0,10,86,0,1720,53.10144928,9.956521739,1066.666667
70,1200,1000,200,0,10,61,0,1220,53.21428571,9.957142857,1068.866571
71,1200,1000,200,0,10,43,0,860,53.07042254,9.957746479,1065.912306
72,1200,1000,200,0,10,34,0,680,52.80555556,9.958333333,1060.529986
73,1200,1000,200,0,10,52,0,1040,52.79452055,9.95890411,1060.247593
74,1200,1000,200,0,10,42,0,840,52.64864865,9.959459459,1057.259159
75,1200,1000,200,0,10,41,0,820,52.49333333,9.96,1054.082999
76,1200,1000,200,0,10,46,0,920,52.40789474,9.960526316,1052.311757
77,1200,1000,200,0,10,81,0,1620,52.77922078,9.961038961,1059.713168
78,1200,1000,200,0,10,51,0,1020,52.75641026,9.961538462,1059.202059
79,1200,1000,200,0,10,88,0,1760,53.20253165,9.962025316,1068.106734
80,1200,1000,200,0,10,69,0,1380,53.4,9.9625,1072.020075
81,1200,1000,200,0,10,56,0,1120,53.43209877,9.962962963,1072.614622
82,1200,1000,200,0,10,51,0,1020,53.40243902,9.963414634,1071.970624
83,1200,1000,200,0,10,24,0,480,53.04819277,9.963855422,1064.812576
84,1200,1000,200,0,10,63,0,1260,53.16666667,9.964285714,1067.144564
85,1200,1000,200,0,10,64,0,1280,53.29411765,9.964705882,1069.657615
86,1200,1000,200,0,10,44,0,880,53.18604651,9.965116279,1067.444574
87,1200,1000,200,0,10,68,0,1360,53.35632184,9.965517241,1070.818916
88,1200,1000,200,0,10,40,0,800,53.20454545,9.965909091,1067.730901
89,1200,1000,200,0,10,23,0,460,52.86516854,9.966292135,1060.879369
90,1200,1000,200,0,10,48,0,960,52.81111111,9.966666667,1059.754738
91,1200,1000,200,0,10,48,0,960,52.75824176,9.967032967,1058.654906
92,1200,1000,200,0,10,26,0,520,52.4673913,9.967391304,1052.780807
93,1200,1000,200,0,10,47,0,940,52.40860215,9.967741935,1051.564186
94,1200,1000,200,0,8,98,0,2450,52.89361702,9.946808511,1063.529412
95,1200,1000,200,0,10,57,0,1140,52.93684211,9.947368421,1064.338624
96,1200,1000,200,0,10,54,0,1080,52.94791667,9.947916667,1064.502618
97,1200,1000,200,0,10,54,0,1080,52.95876289,9.948453608,1064.663212
98,1200,1000,200,0,10,22,0,440,52.64285714,9.948979592,1058.25641
99,1200,1000,200,0,10,58,0,1160,52.6969697,9.949494949,1059.28934
100,1200,1000,200,0,10,42,0,840,52.59,9.95,1057.085427
101,1200,1000,200,0,10,48,0,960,52.54455446,9.95049505,1056.119403
102,1200,1000,200,0,10,40,0,800,52.42156863,9.950980392,1053.596059
103,1200,1000,200,0,10,79,0,1580,52.67961165,9.951456311,1058.731707
104,1200,1000,200,0,10,24,0,480,52.40384615,9.951923077,1053.140097
105,1200,1000,200,0,10,35,0,700,52.23809524,9.952380952,1049.760766
106,1200,1000,200,0,11,75,0,1363.636364,52.45283019,9.962264151,1053.030303
107,1200,1000,200,0,10,86,0,1720,52.76635514,9.962616822,1059.287054
108,1200,1000,200,0,10,42,0,840,52.66666667,9.962962963,1057.249071
109,1200,1000,200,0,10,53,0,1060,52.66972477,9.963302752,1057.274401
110,1200,1000,200,0,10,33,0,660,52.49090909,9.963636364,1053.649635
111,1200,1000,200,0,10,62,0,1240,52.57657658,9.963963964,1055.334539
112,1200,1000,200,0,10,96,0,1920,52.96428571,9.964285714,1063.082437
113,1200,1000,200,0,10,54,0,1080,52.97345133,9.96460177,1063.232682
114,1200,1000,200,0,10,45,0,900,52.90350877,9.964912281,1061.795775
115,1200,1000,200,0,10,39,0,780,52.7826087,9.965217391,1059.336824
116,1200,1000,200,0,10,29,0,580,52.57758621,9.965517241,1055.190311
117,1200,1000,200,0,10,57,0,1140,52.61538462,9.965811966,1055.917667
118,1200,1000,200,0,10,46,0,920,52.55932203,9.966101695,1054.761905
119,1200,1000,200,0,12,24,0,400,52.31932773,9.983193277,1048.148148
120,1200,1000,200,0,10,49,0,980,52.29166667,9.983333333,1047.579299
121,1200,1000,200,0,10,43,0,860,52.21487603,9.983471074,1046.02649
122,1200,1000,200,0,10,42,0,840,52.13114754,9.983606557,1044.334975
123,1200,1000,200,0,10,35,0,700,51.99186992,9.983739837,1041.530945
124,1200,1000,200,0,10,35,0,700,51.85483871,9.983870968,1038.772213
125,1200,1000,200,0,10,37,0,740,51.736,9.984,1036.378205
126,1200,1000,200,0,10,69,0,1380,51.87301587,9.984126984,1039.109698
127,1200,1000,200,0,10,45,0,900,51.81889764,9.984251969,1038.012618
128,1200,1000,200,0,10,25,0,500,51.609375,9.984375,1033.802817
129,1200,1000,200,0,10,56,0,1120,51.64341085,9.984496124,1034.47205
130,1200,1000,200,0,10,32,0,640,51.49230769,9.984615385,1031.432974
131,1200,1000,200,0,10,44,0,880,51.4351145,9.984732824,1030.275229
132,1200,1000,200,0,10,52,0,1040,51.43939394,9.984848485,1030.349014
133,1200,1000,200,0,10,67,0,1340,51.55639098,9.984962406,1032.680723
134,1200,1000,200,0,10,52,0,1040,51.55970149,9.985074627,1032.735426
135,1200,1000,200,0,10,49,0,980,51.54074074,9.985185185,1032.344214
136,1200,1000,200,0,10,48,0,960,51.51470588,9.985294118,1031.811487
137,1200,1000,200,0,10,59,0,1180,51.56934307,9.98540146,1032.894737
138,1200,1000,200,0,10,37,0,740,51.46376812,9.985507246,1030.769231
139,1200,1000,200,0,10,46,0,920,51.42446043,9.985611511,1029.971182
140,1200,1000,200,0,10,33,0,660,51.29285714,9.985714286,1027.32475
141,1200,1000,200,0,10,45,0,900,51.24822695,9.985815603,1026.420455
142,1200,1000,200,0,10,52,0,1040,51.25352113,9.985915493,1026.51622
143,1200,1000,200,0,10,43,0,860,51.1958042,9.986013986,1025.35014
144,1200,1000,200,0,10,60,0,1200,51.25694444,9.986111111,1026.564673
145,1200,1000,200,0,10,23,0,460,51.06206897,9.986206897,1022.651934
146,1200,1000,200,0,10,48,0,960,51.04109589,9.98630137,1022.222222
147,1200,1000,200,0,10,63,0,1260,51.12244898,9.986394558,1023.841962
148,1200,1000,200,0,10,54,0,1080,51.14189189,9.986486486,1024.221922
149,1200,1000,200,0,10,49,0,980,51.12751678,9.986577181,1023.924731
150,1200,1000,200,0,10,51,0,1020,51.12666667,9.986666667,1023.898531
151,1200,1000,200,0,10,63,0,1260,51.20529801,9.986754967,1025.464191
152,1200,1000,200,0,10,48,0,960,51.18421053,9.986842105,1025.032938
153,1200,1000,200,0,10,42,0,840,51.12418301,9.986928105,1023.82199
154,1200,1000,200,0,10,35,0,700,51.01948052,9.987012987,1021.716515
155,1200,1000,200,0,10,49,0,980,51.00645161,9.987096774,1021.447028
156,1200,1000,200,0,10,47,0,940,50.98076923,9.987179487,1020.924262
157,1200,1000,200,0,10,45,0,900,50.94267516,9.987261146,1020.153061
158,1200,1000,200,0,10,32,0,640,50.82278481,9.987341772,1017.74398
159,1200,1000,200,0,10,80,0,1600,51.00628931,9.987421384,1021.410579
160,1200,1000,200,0,10,59,0,1180,51.05625,9.9875,1022.403004
161,1200,1000,200,0,10,62,0,1240,51.1242236,9.98757764,1023.756219
162,1200,1000,200,0,10,44,0,880,51.08024691,9.987654321,1022.867738
163,1200,1000,200,0,10,31,0,620,50.95705521,9.987730061,1020.39312
164,1200,1000,200,0,10,26,0,520,50.80487805,9.987804878,1017.338217
165,1200,1000,200,0,10,22,0,440,50.63030303,9.987878788,1013.834951
166,1200,1000,200,0,10,18,0,360,50.43373494,9.987951807,1009.891435
167,1200,1000,200,0,10,33,0,660,50.32934132,9.988023952,1007.793765
168,1200,1000,200,0,10,48,0,960,50.31547619,9.988095238,1007.508939
169,1200,1000,200,0,10,86,0,1720,50.52662722,9.98816568,1011.729858
170,1200,1000,200,0,10,58,0,1160,50.57058824,9.988235294,1012.603062
171,1200,1000,200,0,10,55,0,1100,50.59649123,9.988304094,1013.114754
172,1200,1000,200,0,10,61,0,1220,50.65697674,9.988372093,1014.318976
173,1200,1000,200,0,10,44,0,880,50.61849711,9.988439306,1013.541667
174,1200,1000,200,0,10,36,0,720,50.53448276,9.988505747,1011.852704
175,1200,1000,200,0,10,75,0,1500,50.67428571,9.988571429,1014.645309
176,1200,1000,200,0,10,67,0,1340,50.76704545,9.988636364,1016.496018
177,1200,1000,200,0,10,43,0,860,50.72316384,9.988700565,1015.61086
178,1200,1000,200,0,10,34,0,680,50.62921348,9.988764045,1013.723285
179,1200,1000,200,0,10,47,0,940,50.60893855,9.988826816,1013.310962
180,1200,1000,200,0,10,67,0,1340,50.7,9.988888889,1015.12792
181,1200,1000,200,0,10,47,0,940,50.67955801,9.988950276,1014.712389
182,1200,1000,200,0,10,38,0,760,50.60989011,9.989010989,1013.311331
183,1200,1000,200,0,10,32,0,640,50.50819672,9.989071038,1011.269147
184,1200,1000,200,0,10,62,0,1240,50.57065217,9.989130435,1012.513602
185,1200,1000,200,0,10,47,0,940,50.55135135,9.989189189,1012.121212
186,1200,1000,200,0,10,38,0,760,50.48387097,9.989247312,1010.764263
187,1200,1000,200,0,10,56,0,1120,50.51336898,9.989304813,1011.349036
188,1200,1000,200,0,10,43,0,860,50.47340426,9.989361702,1010.543131
189,1200,1000,200,0,10,62,0,1240,50.53439153,9.989417989,1011.758475
190,1200,1000,200,0,10,54,0,1080,50.55263158,9.989473684,1012.118019
191,1200,1000,200,0,10,60,0,1200,50.60209424,9.989528796,1013.102725
192,1200,1000,200,0,10,41,0,820,50.55208333,9.989583333,1012.095933
193,1200,1000,200,0,10,63,0,1260,50.61658031,9.989637306,1013.381743
194,1200,1000,200,0,10,67,0,1340,50.70103093,9.989690722,1015.067079
195,1200,1000,200,0,10,45,0,900,50.67179487,9.98974359,1014.476386
196,1200,1000,200,0,10,54,0,1080,50.68877551,9.989795918,1014.811032
197,1200,1000,200,0,10,48,0,960,50.6751269,9.989847716,1014.53252
198,1200,1000,200,0,10,51,0,1020,50.67676768,9.98989899,1014.560162
199,1200,1000,200,0,10,60,0,1200,50.72361809,9.989949749,1015.492958
200,1200,1000,200,0,10,40,0,800,50.67,9.99,1014.414414
201,1200,1000,200,0,10,82,0,1640,50.82587065,9.990049751,1017.52988
202,1200,1000,200,0,10,51,0,1020,50.82673267,9.99009901,1017.542121
203,1200,1000,200,0,10,77,0,1540,50.95566502,9.990147783,1020.118343
204,1200,1000,200,0,10,23,0,460,50.81862745,9.990196078,1017.369971
205,1200,1000,200,0,10,46,0,920,50.79512195,9.990243902,1016.894531
206,1200,1000,200,0,11,40,0,727.2727273,50.74271845,9.995145631,1015.347256
207,1200,1000,200,0,10,46,0,920,50.71980676,9.995169082,1014.886419
208,1200,1000,200,0,10,57,0,1140,50.75,9.995192308,1015.488215
209,1200,1000,200,0,10,36,0,720,50.67942584,9.995215311,1014.073719
210,1200,1000,200,0,10,51,0,1020,50.68095238,9.995238095,1014.101953
211,1200,1000,200,0,10,58,0,1160,50.71563981,9.995260664,1014.793741
212,1200,1000,200,0,10,56,0,1120,50.74056604,9.995283019,1015.290231
213,1200,1000,200,0,10,39,0,780,50.68544601,9.995305164,1014.185063
214,1200,1000,200,0,10,48,0,960,50.6728972,9.995327103,1013.931744
215,1200,1000,200,0,10,35,0,700,50.6,9.995348837,1012.470917
216,1200,1000,200,0,10,33,0,660,50.51851852,9.99537037,1010.838351
217,1200,1000,200,0,10,69,0,1380,50.60368664,9.995391705,1012.540341
218,1200,1000,200,0,10,34,0,680,50.52752294,9.995412844,1011.014227
219,1200,1000,200,0,10,26,0,520,50.41552511,9.99543379,1008.771128
220,1200,1000,200,0,10,62,0,1240,50.46818182,9.995454545,1009.822647
221,1200,1000,200,0,10,37,0,740,50.40723982,9.995475113,1008.601177
222,1200,1000,200,0,10,52,0,1040,50.41441441,9.995495495,1008.742677
223,1200,1000,200,0,10,48,0,960,50.40358744,9.995515695,1008.524002
224,1200,1000,200,0,10,82,0,1640,50.54464286,9.995535714,1011.34435
225,1200,1000,200,0,10,72,0,1440,50.64,9.995555556,1013.250333
226,1200,1000,200,0,10,60,0,1200,50.68141593,9.995575221,1014.077025
227,1200,1000,200,0,10,41,0,820,50.63876652,9.995594714,1013.221684
228,1200,1000,200,0,10,38,0,760,50.58333333,9.995614035,1012.110575
229,1200,1000,200,0,10,62,0,1240,50.63318777,9.995633188,1013.10616
230,1200,1000,200,0,10,46,0,920,50.61304348,9.995652174,1012.701174
231,1200,1000,200,0,10,63,0,1260,50.66666667,9.995670996,1013.772196
232,1200,1000,200,0,10,50,0,1000,50.6637931,9.995689655,1013.712807
233,1200,1000,200,0,10,24,0,480,50.54935622,9.995708155,1011.421211
234,1200,1000,200,0,10,51,0,1020,50.55128205,9.995726496,1011.457888
235,1200,1000,200,0,10,73,0,1460,50.64680851,9.995744681,1013.36739
236,1200,1000,200,0,10,52,0,1040,50.65254237,9.995762712,1013.480288
237,1200,1000,200,0,10,26,0,520,50.54852321,9.995780591,1011.397214
238,1200,1000,200,0,10,36,0,720,50.48739496,9.995798319,1010.172341
239,1200,1000,200,0,10,39,0,780,50.43933054,9.9958159,1009.208874
240,1200,1000,200,0,10,44,0,880,50.4125,9.995833333,1008.670279
241,1200,1000,200,0,10,48,0,960,50.40248963,9.995850622,1008.468244
242,1200,1000,200,0,10,54,0,1080,50.41735537,9.995867769,1008.763952
243,1200,1000,200,0,10,34,0,680,50.34979424,9.995884774,1007.410457
244,1200,1000,200,0,10,45,0,900,50.32786885,9.995901639,1006.97007
245,1200,1000,200,0,10,45,0,900,50.30612245,9.995918367,1006.533279
246,1200,1000,200,0,10,57,0,1140,50.33333333,9.995934959,1007.076047
247,1200,1000,200,0,10,56,0,1120,50.3562753,9.995951417,1007.533414
248,1200,1000,200,0,10,48,0,960,50.34677419,9.995967742,1007.34167
249,1200,1000,200,0,10,45,0,900,50.3253012,9.995983936,1006.910406
250,1200,1000,200,0,10,57,0,1140,50.352,9.996,1007.442977
251,1200,1000,200,0,10,30,0,600,50.27091633,9.996015936,1005.819051
252,1200,1000,200,0,10,42,0,840,50.23809524,9.996031746,1005.160778
253,1200,1000,200,0,10,35,0,700,50.17786561,9.996047431,1003.954132
254,1200,1000,200,0,10,65,0,1300,50.23622047,9.996062992,1005.120126
255,1200,1000,200,0,10,33,0,660,50.16862745,9.996078431,1003.766183
256,1200,1000,200,0,10,52,0,1040,50.17578125,9.99609375,1003.907776
257,1200,1000,200,0,10,31,0,620,50.10116732,9.996108949,1002.41339
258,1200,1000,200,0,10,50,0,1000,50.10077519,9.996124031,1002.404033
259,1200,1000,200,0,10,59,0,1180,50.13513514,9.996138996,1003.089996
260,1200,1000,200,0,10,42,0,840,50.10384615,9.996153846,1002.462486
261,1200,1000,200,0,10,20,0,400,49.98850575,9.996168582,1000.153315
262,1200,1000,200,0,10,43,0,860,49.96183206,9.996183206,999.6181749
263,1200,1000,200,0,10,21,0,420,49.85171103,9.996197719,997.4134652
264,1200,1000,200,0,10,50,0,1000,49.85227273,9.996212121,997.4232664
265,1200,1000,200,0,10,38,0,760,49.80754717,9.996226415,996.5269913
266,1200,1000,200,0,10,83,0,1660,49.93233083,9.996240602,999.0221888
267,1200,1000,200,0,10,43,0,860,49.90636704,9.996254682,998.5013114
268,1200,1000,200,0,10,87,0,1740,50.04477612,9.996268657,1001.26913
269,1200,1000,200,0,10,59,0,1180,50.07806691,9.996282528,1001.933804
270,1200,1000,200,0,11,75,0,1363.636364,50.17037037,10,1003.407407
271,1200,1000,200,0,10,54,0,1080,50.18450185,10,1003.690037
272,1200,1000,200,0,10,43,0,860,50.15808824,10,1003.161765
273,1200,1000,200,0,10,36,0,720,50.10622711,10,1002.124542
274,1200,1000,200,0,10,43,0,860,50.08029197,10,1001.605839
275,1200,1000,200,0,10,55,0,1100,50.09818182,10,1001.963636
276,1200,1000,200,0,10,65,0,1300,50.15217391,10,1003.043478
277,1200,1000,200,0,10,62,0,1240,50.19494585,10,1003.898917
278,1200,1000,200,0,10,35,0,700,50.14028777,10,1002.805755
279,1200,1000,200,0,10,60,0,1200,50.17562724,10,1003.512545
280,1200,1000,200,0,10,35,0,700,50.12142857,10,1002.428571
281,1200,1000,200,0,10,46,0,920,50.10676157,10,1002.135231
282,1200,1000,200,0,10,39,0,780,50.06737589,10,1001.347518
283,1200,1000,200,0,10,27,0,540,49.98586572,10,999.7173145
284,1200,1000,200,0,10,42,0,840,49.95774648,10,999.1549296
285,1200,1000,200,0,10,53,0,1060,49.96842105,10,999.3684211
286,1200,1000,200,0,10,20,0,400,49.86363636,10,997.2727273
287,1200,1000,200,0,10,49,0,980,49.86062718,10,997.2125436
288,1200,1000,200,0,10,41,0,820,49.82986111,10,996.5972222
289,1200,1000,200,0,10,94,0,1880,49.98269896,10,999.6539792
290,1200,1000,200,0,10,22,0,440,49.8862069,10,997.7241379
291,1200,1000,200,0,10,29,0,580,49.81443299,10,996.2886598
292,1200,1000,200,0,10,48,0,960,49.80821918,10,996.1643836
293,1200,1000,200,0,10,57,0,1140,49.83276451,10,996.6552901
294,1200,1000,200,0,10,46,0,920,49.81972789,10,996.3945578
295,1200,1000,200,0,10,43,0,860,49.79661017,10,995.9322034
296,1200,1000,200,0,10,53,0,1060,49.80743243,10,996.1486486
297,1200,1000,200,0,10,73,0,1460,49.88552189,10,997.7104377
298,1200,1000,200,0,11,65,0,1181.818182,49.93624161,10.0033557,998.3898021
299,1200,1000,200,0,10,42,0,840,49.909699,10.00334448,997.8602474
300,1200,1000,200,0,10,58,0,1160,49.93666667,10.00333333,998.4005332
301,1200,1000,200,0,10,33,0,660,49.88039867,10.00332226,997.2766523
302,1200,1000,200,0,10,49,0,980,49.87748344,10.00331126,997.2194638
303,1200,1000,200,0,10,33,0,660,49.82178218,10.00330033,996.1068954
304,1200,1000,200,0,10,28,0,560,49.75,10.00328947,994.672805
305,1200,1000,200,0,10,75,0,1500,49.83278689,10.00327869,996.3290724
306,1200,1000,200,0,10,61,0,1220,49.86928105,10.00326797,997.0597844
307,1200,1000,200,0,10,35,0,700,49.82084691,10.00325733,996.092478
308,1200,1000,200,0,10,33,0,660,49.76623377,10.00324675,995.0016228
309,1200,1000,200,0,10,48,0,960,49.7605178,10.00323625,994.8883856
310,1200,1000,200,0,10,50,0,1000,49.76129032,10.00322581,994.9048694
311,1200,1000,200,0,10,58,0,1160,49.78778135,10.00321543,995.4355513
312,1200,1000,200,0,10,26,0,520,49.71153846,10.00320513,993.9122076
313,1200,1000,200,0,11,45,0,818.1818182,49.69648562,10.00638978,993.2950192
314,1200,1000,200,0,10,46,0,920,49.68471338,10.00636943,993.0617441
315,1200,1000,200,0,10,48,0,960,49.67936508,10.00634921,992.9568528
316,1200,1000,200,0,10,79,0,1580,49.7721519,10.00632911,994.8134092
317,1200,1000,200,0,10,91,0,1820,49.9022082,10.00630915,997.4148802
318,1200,1000,200,0,10,49,0,980,49.89937107,10.00628931,997.3601508
319,1200,1000,200,0,10,62,0,1240,49.93730408,10.00626959,998.1203008
320,1200,1000,200,0,10,60,0,1200,49.96875,10.00625,998.7507808
321,1200,1000,200,0,10,45,0,900,49.95327103,10.00623053,998.4433375
322,1200,1000,200,0,10,37,0,740,49.91304348,10.00621118,997.6412166
323,1200,1000,200,0,10,33,0,660,49.86068111,10.00619195,996.5965347
324,1200,1000,200,0,10,56,0,1120,49.87962963,10.00617284,996.9771746
325,1200,1000,200,0,10,52,0,1040,49.88615385,10.00615385,997.1094711
326,1200,1000,200,0,10,49,0,980,49.88343558,10.00613497,997.0570202
327,1200,1000,200,0,10,55,0,1100,49.89908257,10.00611621,997.3716381
328,1200,1000,200,0,10,59,0,1180,49.92682927,10.00609756,997.9280926
329,1200,1000,200,0,10,53,0,1060,49.93617021,10.00607903,998.1166464
330,1200,1000,200,0,10,40,0,800,49.90606061,10.00606061,997.5166566
331,1200,1000,200,0,10,47,0,940,49.89728097,10.0060423,997.3429952
332,1200,1000,200,0,10,35,0,700,49.85240964,10.0060241,996.4479229
333,1200,1000,200,0,10,35,0,700,49.80780781,10.00600601,995.5582233
334,1200,1000,200,0,10,54,0,1080,49.82035928,10.00598802,995.8108917
335,1200,1000,200,0,10,50,0,1000,49.82089552,10.00597015,995.823389
336,1200,1000,200,0,10,45,0,900,49.80654762,10.00595238,995.53837
337,1200,1000,200,0,10,25,0,500,49.73293769,10.00593472,994.0688019
338,1200,1000,200,0,10,37,0,740,49.69526627,10.00591716,993.3175636
339,1200,1000,200,0,10,86,0,1720,49.80235988,10.00589971,995.4599057
340,1200,1000,200,0,10,63,0,1260,49.84117647,10.00588235,996.2375073
341,1200,1000,200,0,10,17,0,340,49.74486804,10.0058651,994.3141852
342,1200,1000,200,0,10,70,0,1400,49.80409357,10.00584795,995.4997078
343,1200,1000,200,0,10,76,0,1520,49.88046647,10.0058309,997.027972
344,1200,1000,200,0,10,40,0,800,49.85174419,10.00581395,996.4555491
345,1200,1000,200,0,10,62,0,1240,49.88695652,10.0057971,997.161066
346,1200,1000,200,0,10,51,0,1020,49.89017341,10.00578035,997.2270364
347,1200,1000,200,0,10,36,0,720,49.85014409,10.00576369,996.4285714
348,1200,1000,200,0,10,75,0,1500,49.92241379,10.00574713,997.8747846
349,1200,1000,200,0,10,18,0,360,49.83094556,10.00573066,996.04811
350,1200,1000,200,0,10,72,0,1440,49.89428571,10.00571429,997.3158195
351,1200,1000,200,0,10,62,0,1240,49.92877493,10.00569801,998.0068337
352,1200,1000,200,0,10,42,0,840,49.90625,10.00568182,997.5582056
353,1200,1000,200,0,10,48,0,960,49.90084986,10.00566572,997.4518686
354,1200,1000,200,0,10,66,0,1320,49.94632768,10.00564972,998.3625071
355,1200,1000,200,0,10,37,0,740,49.90985915,10.0056338,997.6351351
356,1200,1000,200,0,10,86,0,1720,50.01123596,10.00561798,999.6631106
357,1200,1000,200,0,10,21,0,420,49.92997199,10.00560224,998.0403135
358,1200,1000,200,0,10,40,0,800,49.90223464,10.00558659,997.4874372
359,1200,1000,200,0,10,52,0,1040,49.90807799,10.00557103,997.6057906
360,1200,1000,200,0,10,44,0,880,49.89166667,10.00555556,997.2792893
361,1200,1000,200,0,10,65,0,1300,49.93351801,10.00554017,998.1173865
362,1200,1000,200,0,10,33,0,660,49.88674033,10.00552486,997.1838763
363,1200,1000,200,0,10,29,0,580,49.8292011,10.00550964,996.0352423
364,1200,1000,200,0,10,59,0,1180,49.8543956,10.00549451,996.5403624
365,1200,1000,200,0,10,42,0,840,49.83287671,10.00547945,996.1117196
366,1200,1000,200,0,10,49,0,980,49.83060109,10.00546448,996.0677226
367,1200,1000,200,0,10,72,0,1440,49.89100817,10.00544959,997.2766885
368,1200,1000,200,0,10,60,0,1200,49.91847826,10.00543478,997.8272678
369,1200,1000,200,0,10,51,0,1020,49.92140921,10.00542005,997.8873239
370,1200,1000,200,0,10,79,0,1580,50,10.00540541,999.4597515
371,1200,1000,200,0,10,53,0,1060,50.00808625,10.00539084,999.6228448
372,1200,1000,200,0,10,25,0,500,49.94086022,10.00537634,998.2804944
373,1200,1000,200,0,10,55,0,1100,49.95442359,10.00536193,998.5530547
374,1200,1000,200,0,10,46,0,920,49.94385027,10.00534759,998.343132
375,1200,1000,200,0,10,26,0,520,49.88,10.00533333,997.0682303
376,1200,1000,200,0,10,45,0,900,49.86702128,10.00531915,996.8102073
377,1200,1000,200,0,10,45,0,900,49.85411141,10.00530504,996.5535525
378,1200,1000,200,0,10,88,0,1760,49.95502646,10.00529101,998.572184
379,1200,1000,200,0,10,49,0,980,49.9525066,10.00527704,998.5232068
380,1200,1000,200,0,10,21,0,420,49.87631579,10.00526316,997.0015781
381,1200,1000,200,0,11,47,0,854.5454545,49.8687664,10.00787402,996.5906111
382,1200,1000,200,0,10,24,0,480,49.80104712,10.0078534,995.2393408
383,1200,1000,200,0,10,35,0,700,49.76240209,10.0078329,994.4690843
384,1200,1000,200,0,10,62,0,1240,49.79427083,10.0078125,995.1079886
385,1200,1000,200,0,10,30,0,600,49.74285714,10.00779221,994.0825331
386,1200,1000,200,0,10,31,0,620,49.69430052,10.00777202,993.11416
387,1200,1000,200,0,10,50,0,1000,49.69509044,10.00775194,993.1319391
388,1200,1000,200,0,10,43,0,860,49.67783505,10.00773196,992.7890806
389,1200,1000,200,0,10,36,0,720,49.64267352,10.00771208,992.0883637
390,1200,1000,200,0,10,56,0,1120,49.65897436,10.00769231,992.4160902
391,1200,1000,200,0,10,66,0,1320,49.70076726,10.00767263,993.2532584
392,1200,1000,200,0,10,52,0,1040,49.70663265,10.00765306,993.3724191
393,1200,1000,200,0,10,76,0,1520,49.7735369,10.00763359,994.7114162
394,1200,1000,200,0,10,56,0,1120,49.7893401,10.00761421,995.0291656
395,1200,1000,200,0,10,68,0,1360,49.83544304,10.00759494,995.9524412
396,1200,1000,200,0,10,62,0,1240,49.86616162,10.00757576,996.5682564
397,1200,1000,200,0,10,61,0,1220,49.89420655,10.00755668,997.1306318
398,1200,1000,200,0,10,67,0,1340,49.93718593,10.00753769,997.9914637
399,1200,1000,200,0,10,39,0,780,49.90977444,10.0075188,997.4455297
400,1200,1000,200,0,10,34,0,680,49.87,10.0075,996.6525106
401,1200,1000,200,0,10,25,0,500,49.80798005,10.0074813,995.4149016
402,1200,1000,200,0,10,55,0,1100,49.82089552,10.00746269,995.6748695
403,1200,1000,200,0,10,25,0,500,49.75930521,10.00744417,994.445822
404,1200,1000,200,0,10,54,0,1080,49.76980198,10.00742574,994.6574326
405,1200,1000,200,0,10,48,0,960,49.7654321,10.00740741,994.571922
406,1200,1000,200,0,10,46,0,920,49.75615764,10.00738916,994.388383
407,1200,1000,200,0,10,34,0,680,49.71744472,10.00737101,993.6164989
408,1200,1000,200,0,10,45,0,900,49.70588235,10.00735294,993.3872153
409,1200,1000,200,0,10,50,0,1000,49.70660147,10.00733496,993.4033716
410,1200,1000,200,0,10,34,0,680,49.66829268,10.00731707,992.639532
411,1200,1000,200,0,10,68,0,1360,49.71289538,10.00729927,993.5327012
412,1200,1000,200,0,10,45,0,900,49.70145631,10.00728155,993.3058453
413,1200,1000,200,0,10,53,0,1060,49.7094431,10.00726392,993.4672151
414,1200,1000,200,0,10,46,0,920,49.70048309,10.00724638,993.2898866
415,1200,1000,200,0,10,55,0,1100,49.71325301,10.00722892,993.5468336
416,1200,1000,200,0,10,45,0,900,49.70192308,10.00721154,993.3221235
417,1200,1000,200,0,10,41,0,820,49.68105516,10.00719424,992.9067817
418,1200,1000,200,0,10,61,0,1220,49.70813397,10.00717703,993.4496773
419,1200,1000,200,0,10,33,0,660,49.66825776,10.0071599,992.654424
420,1200,1000,200,0,10,52,0,1040,49.67380952,10.00714286,992.7670711
421,1200,1000,200,0,10,51,0,1020,49.67695962,10.00712589,992.8317114
422,1200,1000,200,0,10,67,0,1340,49.71800948,10.007109,993.6538006
423,1200,1000,200,0,10,79,0,1580,49.78723404,10.0070922,995.0389794
424,1200,1000,200,0,10,21,0,420,49.71933962,10.00707547,993.6837144
425,1200,1000,200,0,10,23,0,460,49.65647059,10.00705882,992.4288737
426,1200,1000,200,0,10,67,0,1340,49.6971831,10.00704225,993.2441942
427,1200,1000,200,0,10,98,0,1960,49.81030445,10.00702576,995.5066698
428,1200,1000,200,0,10,46,0,920,49.80140187,10.00700935,995.3303759
429,1200,1000,200,0,10,29,0,580,49.75291375,10.00699301,994.3629164
430,1200,1000,200,0,10,54,0,1080,49.7627907,10.00697674,994.5619335
431,1200,1000,200,0,10,31,0,620,49.71925754,10.00696056,993.6934848
432,1200,1000,200,0,10,96,0,1920,49.82638889,10.00694444,995.8362248
433,1200,1000,200,0,10,37,0,740,49.79676674,10.00692841,995.2457881
434,1200,1000,200,0,10,50,0,1000,49.79723502,10.00691244,995.256735
435,1200,1000,200,0,11,44,0,800,49.78390805,10.0091954,994.7634359
436,1200,1000,200,0,9,79,0,1755.555556,49.85091743,10.00688073,996.3327985
437,1200,1000,200,0,10,32,0,640,49.81006865,10.00686499,995.5179511
438,1200,1000,200,0,10,42,0,840,49.79223744,10.00684932,995.1631303
439,1200,1000,200,0,10,39,0,780,49.76765376,10.00683371,994.673344
440,1200,1000,200,0,10,42,0,840,49.75,10.00681818,994.3220531
441,1200,1000,200,0,10,91,0,1820,49.84353741,10.00680272,996.1930659
442,1200,1000,200,0,10,42,0,840,49.82579186,10.00678733,995.8399277
443,1200,1000,200,0,10,77,0,1540,49.88713318,10.00677201,997.0674487
444,1200,1000,200,0,10,44,0,880,49.87387387,10.00675676,996.8039613
445,1200,1000,200,0,10,33,0,660,49.83595506,10.00674157,996.0476084
446,1200,1000,200,0,10,52,0,1040,49.84080717,10.00672646,996.1460901
447,1200,1000,200,0,10,51,0,1020,49.84340045,10.00671141,996.1994187
448,1200,1000,200,0,10,48,0,960,49.83928571,10.00669643,996.1186705
449,1200,1000,200,0,10,36,0,720,49.80846325,10.00668151,995.5041175
450,1200,1000,200,0,10,24,0,480,49.75111111,10.00666667,994.359316
451,1200,1000,200,0,10,41,0,820,49.73170732,10.00665188,993.972967
452,1200,1000,200,0,10,64,0,1280,49.76327434,10.00663717,994.6053504
453,1200,1000,200,0,10,32,0,640,49.72406181,10.00662252,993.8230752
454,1200,1000,200,0,10,45,0,900,49.71365639,10.00660793,993.6165529
455,1200,1000,200,0,10,80,0,1600,49.78021978,10.00659341,994.9483857
456,1200,1000,200,0,10,60,0,1200,49.80263158,10.00657895,995.3977646
457,1200,1000,200,0,10,85,0,1700,49.87964989,10.00656455,996.9385524
458,1200,1000,200,0,10,41,0,820,49.86026201,10.00655022,996.5524765
459,1200,1000,200,0,10,62,0,1240,49.88671024,10.00653595,997.0825169
460,1200,1000,200,0,10,89,0,1780,49.97173913,10.00652174,998.7834021
461,1200,1000,200,0,10,54,0,1080,49.98047722,10.00650759,998.9594624
462,1200,1000,200,0,10,50,0,1000,49.98051948,10.00649351,998.9617132
463,1200,1000,200,0,10,86,0,1720,50.05831533,10.00647948,1000.518023
464,1200,1000,200,0,10,34,0,680,50.0237069,10.00646552,999.8276976
465,1200,1000,200,0,10,73,0,1460,50.07311828,10.00645161,1000.816677
466,1200,1000,200,0,10,44,0,880,50.06008584,10.00643777,1000.557581
467,1200,1000,200,0,10,47,0,940,50.05353319,10.00642398,1000.427991
468,1200,1000,200,0,10,43,0,860,50.03846154,10.00641026,1000.128123
469,1200,1000,200,0,10,78,0,1560,50.09808102,10.00639659,1001.321117
470,1200,1000,200,0,10,48,0,960,50.09361702,10.00638298,1001.233255
471,1200,1000,200,0,10,77,0,1540,50.1507431,10.00636943,1002.376406
472,1200,1000,200,0,10,44,0,880,50.13771186,10.00635593,1002.117298
473,1200,1000,200,0,10,90,0,1800,50.22198732,10.00634249,1003.803085
474,1200,1000,200,0,10,41,0,820,50.20253165,10.00632911,1003.41556
475,1200,1000,200,0,10,67,0,1340,50.23789474,10.00631579,1004.123711
476,1200,1000,200,0,10,30,0,600,50.19537815,10.00630252,1003.275247
477,1200,1000,200,0,10,48,0,960,50.19077568,10.00628931,1003.18458
478,1200,1000,200,0,10,28,0,560,50.14435146,10.00627615,1002.257997
479,1200,1000,200,0,10,43,0,860,50.12943633,10.00626305,1001.961193
480,1200,1000,200,0,10,34,0,680,50.09583333,10.00625,1001.29086
481,1200,1000,200,0,10,30,0,600,50.05405405,10.00623701,1000.457095
482,1200,1000,200,0,10,42,0,840,50.0373444,10.00622407,1000.124404
483,1200,1000,200,0,10,35,0,700,50.00621118,10.00621118,999.503414
484,1200,1000,200,0,10,75,0,1500,50.05785124,10.00619835,1000.536857
485,1200,1000,200,0,10,58,0,1160,50.0742268,10.00618557,1000.865444
486,1200,1000,200,0,10,43,0,860,50.05967078,10.00617284,1000.575776
487,1200,1000,200,0,10,68,0,1360,50.09650924,10.00616016,1001.313359
488,1200,1000,200,0,10,70,0,1400,50.13729508,10.00614754,1002.129838
489,1200,1000,200,0,10,39,0,780,50.11451943,10.00613497,1001.675863
490,1200,1000,200,0,10,37,0,740,50.0877551,10.00612245,1001.142158
491,1200,1000,200,0,11,61,0,1109.090909,50.10997963,10.00814664,1001.383801
492,1200,1000,200,0,10,46,0,920,50.10162602,10.00813008,1001.218522
493,1200,1000,200,0,10,44,0,880,50.08924949,10.00811359,1000.972842
494,1200,1000,200,0,10,41,0,820,50.0708502,10.00809717,1000.606796
495,1200,1000,200,0,10,32,0,640,50.03434343,10.00808081,999.8788857
496,1200,1000,200,0,10,42,0,840,50.01814516,10.00806452,999.556809
497,1200,1000,200,0,10,64,0,1280,50.04627767,10.00804829,1000.120627
498,1200,1000,200,0,10,36,0,720,50.01807229,10.00803213,999.5585875
499,1200,1000,200,0,10,20,0,400,49.95791583,10.00801603,998.3580296
500,1200,1000,200,0,10,35,0,700,49.928,10.008,997.7617906
501,1200,1000,200,0,10,59,0,1180,49.94610778,10.00798403,998.1252493
502,1200,1000,200,0,10,91,0,1820,50.02788845,10.00796813,999.7611465
503,1200,1000,200,0,10,41,0,820,50.00994036,10.00795229,999.4040524
504,1200,1000,200,0,10,32,0,640,49.97420635,10.00793651,998.6915147
505,1200,1000,200,0,10,73,0,1460,50.01980198,10.00792079,999.6042738
506,1200,1000,200,0,10,20,0,400,49.96047431,10.00790514,998.4202212
507,1200,1000,200,0,10,80,0,1600,50.01972387,10.00788955,999.6058337
508,1200,1000,200,0,10,78,0,1560,50.07480315,10.00787402,1000.708104
509,1200,1000,200,0,10,35,0,700,50.04518664,10.00785855,1000.117786
510,1200,1000,200,0,10,57,0,1140,50.05882353,10.00784314,1000.39185
511,1200,1000,200,0,10,44,0,880,50.04696673,10.00782779,1000.156433
512,1200,1000,200,0,10,40,0,800,50.02734375,10.0078125,999.765808
513,1200,1000,200,0,10,50,0,1000,50.02729045,10.00779727,999.7662641
514,1200,1000,200,0,10,43,0,860,50.01361868,10.0077821,999.4945568
515,1200,1000,200,0,10,49,0,980,50.01165049,10.00776699,999.4567326
516,1200,1000,200,0,10,33,0,660,49.97868217,10.00775194,998.7993803
517,1200,1000,200,0,10,53,0,1060,49.98452611,10.00773694,998.9176652
518,1200,1000,200,0,10,57,0,1140,49.9980695,10.00772201,999.1898148
519,1200,1000,200,0,10,45,0,900,49.98843931,10.00770713,998.9988448
520,1200,1000,200,0,10,33,0,660,49.95576923,10.00769231,998.3474251
521,1200,1000,200,0,10,29,0,580,49.91554702,10.00767754,997.545071
522,1200,1000,200,0,10,21,0,420,49.86015326,10.00766284,996.43951
523,1200,1000,200,0,10,61,0,1220,49.88145315,10.00764818,996.8666412
524,1200,1000,200,0,10,33,0,660,49.84923664,10.00763359,996.2242563
525,1200,1000,200,0,10,49,0,980,49.84761905,10.00761905,996.1933765
526,1200,1000,200,0,10,61,0,1220,49.86882129,10.00760456,996.618541
527,1200,1000,200,0,10,44,0,880,49.85768501,10.00759013,996.3974213
528,1200,1000,200,0,10,54,0,1080,49.8655303,10.00757576,996.5556397
529,1200,1000,200,0,10,59,0,1180,49.88279773,10.00756144,996.9021534
530,1200,1000,200,0,10,54,0,1080,49.89056604,10.00754717,997.0588235
531,1200,1000,200,0,10,38,0,760,49.86817326,10.00753296,996.6127211
532,1200,1000,200,0,10,39,0,780,49.84774436,10.0075188,996.2058603
533,1200,1000,200,0,10,81,0,1620,49.90619137,10.00750469,997.3753281
534,1200,1000,200,0,10,35,0,700,49.87827715,10.00749064,996.8188623
535,1200,1000,200,0,10,40,0,800,49.85981308,10.00747664,996.4512514
536,1200,1000,200,0,10,41,0,820,49.84328358,10.00746269,996.1222968
537,1200,1000,200,0,10,50,0,1000,49.84357542,10.00744879,996.1295125
538,1200,1000,200,0,10,46,0,920,49.83643123,10.00743494,995.9881129
539,1200,1000,200,0,10,63,0,1260,49.86085343,10.00742115,996.4775677
540,1200,1000,200,0,10,48,0,960,49.85740741,10.00740741,996.4100666
541,1200,1000,200,0,10,69,0,1380,49.89279113,10.00739372,997.1185815
542,1200,1000,200,0,10,40,0,800,49.87453875,10.00738007,996.7551622
543,1200,1000,200,0,10,35,0,700,49.84714549,10.00736648,996.2090541
544,1200,1000,200,0,10,47,0,940,49.84191176,10.00735294,996.1058046
545,1200,1000,200,0,10,43,0,860,49.8293578,10.00733945,995.8562523
546,1200,1000,200,0,10,38,0,760,49.80769231,10.00732601,995.4245974
547,1200,1000,200,0,10,38,0,760,49.78610603,10.00731261,994.9945195
548,1200,1000,200,0,10,32,0,640,49.75364964,10.00729927,994.3471918
549,1200,1000,200,0,10,40,0,800,49.73588342,10.00728597,993.9934474
550,1200,1000,200,0,10,60,0,1200,49.75454545,10.00727273,994.3677326
551,1200,1000,200,0,10,51,0,1020,49.75680581,10.00725953,994.4142184
552,1200,1000,200,0,10,39,0,780,49.73731884,10.00724638,994.0260681
553,1200,1000,200,0,10,27,0,540,49.69620253,10.00723327,993.2056379
554,1200,1000,200,0,10,70,0,1400,49.73285199,10.00722022,993.9393939
555,1200,1000,200,0,10,32,0,640,49.7009009,10.00720721,993.3021246
556,1200,1000,200,0,10,40,0,800,49.68345324,10.00719424,992.9547088
557,1200,1000,200,0,10,73,0,1460,49.72531418,10.00718133,993.7926085
558,1200,1000,200,0,10,60,0,1200,49.7437276,10.00716846,994.1618911
559,1200,1000,200,0,10,41,0,820,49.72808587,10.00715564,993.8505542
560,1200,1000,200,0,10,35,0,700,49.70178571,10.00714286,993.3261956
561,1200,1000,200,0,10,47,0,940,49.6969697,10.00713012,993.2312077
562,1200,1000,200,0,10,65,0,1300,49.72419929,10.00711744,993.7766714
563,1200,1000,200,0,10,19,0,380,49.669627,10.0071048,992.6872559
564,1200,1000,200,0,10,41,0,820,49.65425532,10.0070922,992.3812899
565,1200,1000,200,0,10,48,0,960,49.65132743,10.00707965,992.3240184
566,1200,1000,200,0,10,51,0,1020,49.65371025,10.00706714,992.3728814
567,1200,1000,200,0,10,60,0,1200,49.67195767,10.00705467,992.7388086
568,1200,1000,200,0,10,48,0,960,49.66901408,10.00704225,992.6812104
569,1200,1000,200,0,10,38,0,760,49.64850615,10.00702988,992.2725676
570,1200,1000,200,0,10,46,0,920,49.64210526,10.00701754,992.1458626
571,1200,1000,200,0,10,49,0,980,49.64098074,10.00700525,992.1246062
572,1200,1000,200,0,10,37,0,740,49.61888112,10.00699301,991.684137
573,1200,1000,200,0,10,39,0,780,49.60034904,10.0069808,991.3149634
574,1200,1000,200,0,10,43,0,860,49.58885017,10.00696864,991.086351
575,1200,1000,200,0,10,46,0,920,49.5826087,10.00695652,990.9628085
576,1200,1000,200,0,10,67,0,1340,49.61284722,10.00694444,991.5683553
577,1200,1000,200,0,10,34,0,680,49.58578856,10.00693241,991.0287496
578,1200,1000,200,0,10,65,0,1300,49.61245675,10.00692042,991.5629322
579,1200,1000,200,0,10,65,0,1300,49.63903282,10.00690846,992.095271
580,1200,1000,200,0,10,34,0,680,49.61206897,10.00689655,991.5575465
581,1200,1000,200,0,10,48,0,960,49.60929432,10.00688468,991.503268
582,1200,1000,200,0,10,52,0,1040,49.61340206,10.00687285,991.5865385
583,1200,1000,200,0,10,44,0,880,49.60377358,10.00686106,991.3952691
584,1200,1000,200,0,10,62,0,1240,49.625,10.00684932,991.8206708
585,1200,1000,200,0,10,41,0,820,49.61025641,10.00683761,991.5271609
586,1200,1000,200,0,10,24,0,480,49.5665529,10.00682594,990.6548431
587,1200,1000,200,0,10,48,0,960,49.56388416,10.00681431,990.6026558
588,1200,1000,200,0,10,32,0,640,49.53401361,10.00680272,990.0067981
589,1200,1000,200,0,10,36,0,720,49.51103565,10.00679117,989.5486936
590,1200,1000,200,0,9,95,0,2111.111111,49.58813559,10.00508475,991.258682
591,1200,1000,200,0,10,49,0,980,49.58714044,10.00507614,991.2396415
592,1200,1000,200,0,10,29,0,580,49.55236486,10.00506757,990.5453318
593,1200,1000,200,0,10,40,0,800,49.53625632,10.00505902,990.2241699
594,1200,1000,200,0,10,53,0,1060,49.54208754,10.00505051,990.3415783
595,1200,1000,200,0,10,27,0,540,49.50420168,10.00504202,989.5850832
596,1200,1000,200,0,10,33,0,660,49.47651007,10.00503356,989.0323663
597,1200,1000,200,0,10,84,0,1680,49.53433836,10.00502513,990.1891847
598,1200,1000,200,0,10,41,0,820,49.52006689,10.00501672,989.9047301
599,1200,1000,200,0,10,71,0,1420,49.55592654,10.00500835,990.6223928
600,1200,1000,200,0,10,55,0,1100,49.565,10.005,990.8045977
601,1200,1000,200,0,10,78,0,1560,49.61231281,10.00499168,991.7512057
602,1200,1000,200,0,11,54,0,981.8181818,49.61960133,10.00664452,991.7330677
603,1200,1000,200,0,10,29,0,580,49.5854063,10.0066335,991.0507126
604,1200,1000,200,0,10,34,0,680,49.55960265,10.00662252,990.5360688
605,1200,1000,200,0,10,30,0,600,49.52727273,10.00661157,989.8909812
606,1200,1000,200,0,10,52,0,1040,49.53135314,10.00660066,989.9736148
607,1200,1000,200,0,10,38,0,760,49.51235585,10.00658979,989.5949951
608,1200,1000,200,0,10,21,0,420,49.46546053,10.00657895,988.6587771
609,1200,1000,200,0,10,35,0,700,49.44170772,10.00656814,988.1851001
610,1200,1000,200,0,10,33,0,660,49.4147541,10.00655738,987.6474443
611,1200,1000,200,0,10,76,0,1520,49.45826514,10.00654664,988.5181551
612,1200,1000,200,0,10,35,0,700,49.43464052,10.00653595,988.0470281
613,1200,1000,200,0,10,35,0,700,49.41109299,10.00652529,987.5774372
614,1200,1000,200,0,10,65,0,1300,49.43648208,10.00651466,988.0859375
615,1200,1000,200,0,10,51,0,1020,49.43902439,10.00650407,988.1377966
616,1200,1000,200,0,9,99,0,2200,49.51948052,10.00487013,989.9075126
617,1200,1000,200,0,10,52,0,1040,49.52350081,10.00486224,989.9886603
618,1200,1000,200,0,10,55,0,1100,49.53236246,10.00485437,990.1665858
619,1200,1000,200,0,10,50,0,1000,49.53311793,10.00484653,990.1824641
620,1200,1000,200,0,9,93,0,2066.666667,49.60322581,10.00322581,991.7445985
621,1200,1000,200,0,10,48,0,960,49.60064412,10.00322061,991.6934965
622,1200,1000,200,0,10,37,0,740,49.58038585,10.00321543,991.2889746
623,1200,1000,200,0,10,61,0,1220,49.59871589,10.00321027,991.6559692
624,1200,1000,200,0,10,51,0,1020,49.60096154,10.00320513,991.7013778
625,1200,1000,200,0,10,47,0,940,49.5968,10.0032,991.618682
626,1200,1000,200,0,11,49,0,890.9090909,49.59584665,10.00479233,991.4418011
627,1200,1000,200,0,9,92,0,2044.444444,49.66347687,10.00318979,992.9528061
628,1200,1000,200,0,10,28,0,560,49.62898089,10.00318471,992.2636103
629,1200,1000,200,0,10,56,0,1120,49.6391097,10.00317965,992.4666243
630,1200,1000,200,0,10,46,0,920,49.63333333,10.0031746,992.3516344
631,1200,1000,200,0,10,54,0,1080,49.64025357,10.00316957,992.4904943
632,1200,1000,200,0,10,32,0,640,49.61234177,10.00316456,991.9329326
633,1200,1000,200,0,10,71,0,1420,49.64612954,10.00315956,992.6089703
634,1200,1000,200,0,10,37,0,740,49.62618297,10.00315457,992.2106591
635,1200,1000,200,0,10,33,0,660,49.6,10.00314961,991.6876574
636,1200,1000,200,0,10,73,0,1460,49.63679245,10.00314465,992.4237661
637,1200,1000,200,0,10,44,0,880,49.62794349,10.00313972,992.2473321
638,1200,1000,200,0,10,43,0,860,49.61755486,10.0031348,992.0401128
639,1200,1000,200,0,10,50,0,1000,49.61815336,10.00312989,992.0525657
640,1200,1000,200,0,10,78,0,1560,49.6625,10.003125,992.9397063
641,1200,1000,200,0,10,37,0,740,49.64274571,10.00312012,992.5452277
642,1200,1000,200,0,10,42,0,840,49.63084112,10.00311526,992.3076923
643,1200,1000,200,0,10,62,0,1240,49.65007776,10.00311042,992.6927861
644,1200,1000,200,0,10,75,0,1500,49.68944099,10.00310559,993.4802856
645,1200,1000,200,0,10,80,0,1600,49.73643411,10.00310078,994.4203348
646,1200,1000,200,0,10,37,0,740,49.71671827,10.00309598,994.0266171
647,1200,1000,200,0,10,51,0,1020,49.7187017,10.00309119,994.0667491
648,1200,1000,200,0,10,41,0,820,49.70524691,10.00308642,993.7982104
649,1200,1000,200,0,10,24,0,480,49.66563945,10.00308166,993.0067776
650,1200,1000,200,0,10,29,0,580,49.63384615,10.00307692,992.371578
651,1200,1000,200,0,10,35,0,700,49.61136713,10.0030722,991.9226044
652,1200,1000,200,0,10,20,0,400,49.56595092,10.00306748,991.0150261
653,1200,1000,200,0,10,30,0,600,49.53598775,10.00306279,990.4164115
654,1200,1000,200,0,10,66,0,1320,49.56116208,10.0030581,990.9202079
655,1200,1000,200,0,11,51,0,927.2727273,49.56335878,10.00458015,990.8133679
656,1200,1000,200,0,10,53,0,1060,49.56859756,10.00457317,990.9187871
657,1200,1000,200,0,10,55,0,1100,49.57686454,10.00456621,991.0847406
658,1200,1000,200,0,10,52,0,1040,49.58054711,10.00455927,991.159046
659,1200,1000,200,0,10,84,0,1680,49.63277693,10.00455235,992.2038526
660,1200,1000,200,0,10,53,0,1060,49.63787879,10.00454545,992.3065273
661,1200,1000,200,0,10,24,0,480,49.59909228,10.00453858,991.5318312
662,1200,1000,200,0,10,49,0,980,49.59818731,10.00453172,991.5144194
663,1200,1000,200,0,10,46,0,920,49.59276018,10.00452489,991.4066033
664,1200,1000,200,0,10,32,0,640,49.56626506,10.00451807,990.8776155
665,1200,1000,200,0,10,35,0,700,49.5443609,10.00451128,990.4404028
666,1200,1000,200,0,10,41,0,820,49.53153153,10.0045045,990.1846015
667,1200,1000,200,0,10,54,0,1080,49.53823088,10.00449775,990.3191968
668,1200,1000,200,0,10,32,0,640,49.51197605,10.00449102,989.7950022
669,1200,1000,200,0,10,29,0,580,49.4813154,10.0044843,989.1827282
670,1200,1000,200,0,10,61,0,1220,49.49850746,10.00447761,989.5270774
671,1200,1000,200,0,10,56,0,1120,49.50819672,10.00447094,989.721436
672,1200,1000,200,0,10,29,0,580,49.47767857,10.00446429,989.1120036
673,1200,1000,200,0,10,67,0,1340,49.50371471,10.00445765,989.6331502
674,1200,1000,200,0,10,47,0,940,49.5,10.00445104,989.5595432
675,1200,1000,200,0,10,73,0,1460,49.53481481,10.00444444,990.2561824
676,1200,1000,200,0,10,39,0,780,49.51923077,10.00443787,989.9452906
677,1200,1000,200,0,10,49,0,980,49.51846381,10.00443131,989.9306068
678,1200,1000,200,0,10,53,0,1060,49.52359882,10.00442478,990.0339083
679,1200,1000,200,0,10,31,0,620,49.49631811,10.00441826,989.48918
680,1200,1000,200,0,10,57,0,1140,49.50735294,10.00441176,989.7104219
681,1200,1000,200,0,10,60,0,1200,49.52276065,10.00440529,990.0190812
682,1200,1000,200,0,10,51,0,1020,49.52492669,10.00439883,990.0630221
683,1200,1000,200,0,10,37,0,740,49.50658858,10.00439239,989.6970584
684,1200,1000,200,0,10,25,0,500,49.47076023,10.00438596,988.9814409
685,1200,1000,200,0,10,60,0,1200,49.48613139,10.00437956,989.2893623
686,1200,1000,200,0,10,20,0,400,49.44314869,10.00437318,988.4307154
687,1200,1000,200,0,10,46,0,920,49.43813683,10.00436681,988.3311509
688,1200,1000,200,0,10,62,0,1240,49.45639535,10.00436047,988.6967892
689,1200,1000,200,0,10,38,0,760,49.43976778,10.00435414,988.365008
690,1200,1000,200,0,10,49,0,980,49.43913043,10.00434783,988.35289
691,1200,1000,200,0,10,58,0,1160,49.45151954,10.00434153,988.6011862
692,1200,1000,200,0,10,69,0,1380,49.47976879,10.00433526,989.1665463
693,1200,1000,200,0,11,43,0,781.8181818,49.47041847,10.00577201,988.8376118
694,1200,1000,200,0,10,47,0,940,49.46685879,10.00576369,988.7672811
695,1200,1000,200,0,10,45,0,900,49.46043165,10.0057554,988.6396319
696,1200,1000,200,0,10,47,0,940,49.45689655,10.00574713,988.5697875
697,1200,1000,200,0,10,25,0,500,49.42180775,10.00573888,987.8692286
698,1200,1000,200,0,10,66,0,1320,49.44555874,10.00573066,988.3447881
699,1200,1000,200,0,10,75,0,1500,49.48211731,10.00572246,989.0763512
700,1200,1000,200,0,10,44,0,880,49.47428571,10.00571429,988.9206168
701,1200,1000,200,0,10,65,0,1300,49.49643367,10.00570613,989.3641289
702,1200,1000,200,0,10,30,0,600,49.46866097,10.00569801,988.809795
703,1200,1000,200,0,10,22,0,440,49.42958748,10.0056899,988.0295707
704,1200,1000,200,0,10,54,0,1080,49.43607955,10.00568182,988.1601363
705,1200,1000,200,0,10,53,0,1060,49.44113475,10.00567376,988.261979
706,1200,1000,200,0,10,58,0,1160,49.45325779,10.00566572,988.5050963
707,1200,1000,200,0,10,62,0,1240,49.47100424,10.00565771,988.8606163
708,1200,1000,200,0,10,47,0,940,49.46751412,10.00564972,988.7916431
709,1200,1000,200,0,10,46,0,920,49.46262341,10.00564175,988.6946716
710,1200,1000,200,0,10,42,0,840,49.45211268,10.0056338,988.4853604
711,1200,1000,200,0,10,53,0,1060,49.45710267,10.00562588,988.585887
712,1200,1000,200,0,10,45,0,900,49.4508427,10.00561798,988.4615385
713,1200,1000,200,0,10,55,0,1100,49.45862553,10.0056101,988.6178862
714,1200,1000,200,0,10,38,0,760,49.44257703,10.00560224,988.2978723
715,1200,1000,200,0,10,68,0,1360,49.46853147,10.00559441,988.8174448
716,1200,1000,200,0,10,62,0,1240,49.48603352,10.00558659,989.1680625
717,1200,1000,200,0,10,51,0,1020,49.48814505,10.0055788,989.2110399
718,1200,1000,200,0,10,45,0,900,49.48189415,10.00557103,989.0868597
719,1200,1000,200,0,10,71,0,1420,49.51182197,10.00556328,989.6858493
720,1200,1000,200,0,10,71,0,1420,49.54166667,10.00555556,990.283176
721,1200,1000,200,0,10,25,0,500,49.50762829,10.00554785,989.6035487
722,1200,1000,200,0,11,67,0,1218.181818,49.53185596,10.00692521,989.9515571
723,1200,1000,200,0,10,59,0,1180,49.54495159,10.00691563,990.2142364
724,1200,1000,200,0,10,56,0,1120,49.5538674,10.00690608,990.3933747
725,1200,1000,200,0,10,44,0,880,49.5462069,10.00689655,990.241213
726,1200,1000,200,0,10,32,0,640,49.52203857,10.00688705,989.7591191
727,1200,1000,200,0,10,31,0,620,49.49656121,10.00687758,989.2508591
728,1200,1000,200,0,10,48,0,960,49.49450549,10.00686813,989.2107069
729,1200,1000,200,0,10,52,0,1040,49.49794239,10.00685871,989.280329
730,1200,1000,200,0,10,48,0,960,49.49589041,10.00684932,989.2402464
731,1200,1000,200,0,10,23,0,460,49.45964432,10.00683995,988.5167464
732,1200,1000,200,0,9,99,0,2200,49.5273224,10.00546448,990.0054615
733,1200,1000,200,0,10,73,0,1460,49.55934516,10.00545703,990.6463049
734,1200,1000,200,0,10,52,0,1040,49.5626703,10.00544959,990.7135076
735,1200,1000,200,0,11,41,0,745.4545455,49.55102041,10.00680272,990.3467029
736,1200,1000,200,0,10,68,0,1360,49.57608696,10.00679348,990.8486083
737,1200,1000,200,0,10,25,0,500,49.54274084,10.00678426,990.1830508
738,1200,1000,200,0,10,75,0,1500,49.57723577,10.00677507,990.873392
739,1200,1000,200,0,10,38,0,760,49.56156969,10.0067659,990.56119
740,1200,1000,200,0,10,49,0,980,49.56081081,10.00675676,990.5469278
741,1200,1000,200,0,10,62,0,1240,49.57759784,10.00674764,990.8833446
742,1200,1000,200,0,10,36,0,720,49.55929919,10.00673854,990.5185185
743,1200,1000,200,0,10,56,0,1120,49.5679677,10.00672948,990.6926698
744,1200,1000,200,0,10,66,0,1320,49.59005376,10.00672043,991.1349899
745,1200,1000,200,0,10,59,0,1180,49.60268456,10.00671141,991.38833
746,1200,1000,200,0,10,41,0,820,49.59115282,10.00670241,991.1587408
747,1200,1000,200,0,10,37,0,740,49.57429719,10.00669344,990.8227425
748,1200,1000,200,0,10,89,0,1780,49.62700535,10.00668449,991.8770875
749,1200,1000,200,0,10,78,0,1560,49.66488652,10.00667557,992.6350901
750,1200,1000,200,0,10,49,0,980,49.664,10.00666667,992.6182545
751,1200,1000,200,0,10,47,0,940,49.66045273,10.00665779,992.5482369
752,1200,1000,200,0,10,51,0,1020,49.66223404,10.00664894,992.5847176
753,1200,1000,200,0,11,83,0,1509.090909,49.7065073,10.00796813,993.3386412
754,1200,1000,200,0,10,23,0,460,49.67108753,10.00795756,992.6318579
755,1200,1000,200,0,10,53,0,1060,49.67549669,10.00794702,992.7210164
756,1200,1000,200,0,10,51,0,1020,49.67724868,10.00793651,992.7570711
757,1200,1000,200,0,10,82,0,1640,49.71994716,10.00792602,993.6114044
758,1200,1000,200,0,10,36,0,720,49.70184697,10.00791557,993.250725
759,1200,1000,200,0,10,39,0,780,49.68774704,10.00790514,992.9699842
760,1200,1000,200,0,10,27,0,540,49.65789474,10.00789474,992.3744412
761,1200,1000,200,0,10,75,0,1500,49.6911958,10.00788436,993.0409664
762,1200,1000,200,0,10,73,0,1460,49.72178478,10.00787402,993.6532914
763,1200,1000,200,0,10,21,0,420,49.68414155,10.0078637,992.902043
764,1200,1000,200,0,10,52,0,1040,49.68717277,10.0078534,992.9636411
765,1200,1000,200,0,10,60,0,1200,49.70065359,10.00784314,993.2340648
766,1200,1000,200,0,10,49,0,980,49.6997389,10.0078329,993.2168015
767,1200,1000,200,0,10,74,0,1480,49.73142112,10.00782269,993.850964
768,1200,1000,200,0,10,39,0,780,49.71744792,10.0078125,993.5727296
769,1200,1000,200,0,10,47,0,940,49.71391417,10.00780234,993.5031185
770,1200,1000,200,0,10,58,0,1160,49.72467532,10.00779221,993.7191799
771,1200,1000,200,0,10,29,0,580,49.69779507,10.0077821,993.1829964
772,1200,1000,200,0,10,52,0,1040,49.7007772,10.00777202,993.2435931
773,1200,1000,200,0,10,70,0,1400,49.72703752,10.00776197,993.7693899
774,1200,1000,200,0,10,73,0,1460,49.75710594,10.00775194,994.3712884
775,1200,1000,200,0,10,48,0,960,49.75483871,10.00774194,994.3269727
776,1200,1000,200,0,10,73,0,1460,49.78479381,10.00773196,994.9266031
777,1200,1000,200,0,10,57,0,1140,49.79407979,10.00772201,995.1131687
778,1200,1000,200,0,10,27,0,540,49.76478149,10.00771208,994.5286412
779,1200,1000,200,0,11,27,0,490.9090909,49.73555841,10.00898588,993.8181352
780,1200,1000,200,0,10,46,0,920,49.73076923,10.00897436,993.7235814
781,1200,1000,200,0,10,39,0,780,49.71702945,10.00896287,993.4501727
782,1200,1000,200,0,10,39,0,780,49.70332481,10.00895141,993.1774626
783,1200,1000,200,0,10,59,0,1180,49.71519796,10.00893997,993.4158479
784,1200,1000,200,0,10,42,0,840,49.70535714,10.00892857,993.220339
785,1200,1000,200,0,10,22,0,440,49.67006369,10.0089172,992.5162276
786,1200,1000,200,0,10,58,0,1160,49.68066158,10.00890585,992.7291216
787,1200,1000,200,0,10,40,0,800,49.66836086,10.00889454,992.4844484
788,1200,1000,200,0,10,42,0,840,49.65862944,10.00888325,992.291112
789,1200,1000,200,0,10,34,0,680,49.63878327,10.00887199,991.8956566
790,1200,1000,200,0,10,79,0,1580,49.67594937,10.00886076,992.6394334
791,1200,1000,200,0,10,48,0,960,49.67383059,10.00884956,992.5982064
792,1200,1000,200,0,10,60,0,1200,49.68686869,10.00883838,992.8598461
793,1200,1000,200,0,10,25,0,500,49.6557377,10.00882724,992.2388812
794,1200,1000,200,0,10,45,0,900,49.64987406,10.00881612,992.1228136
795,1200,1000,200,0,10,52,0,1040,49.65283019,10.00880503,992.1829835
796,1200,1000,200,0,10,45,0,900,49.64698492,10.00879397,992.0672775
797,1200,1000,200,0,10,29,0,580,49.62107905,10.00878294,991.5507083
798,1200,1000,200,0,10,47,0,940,49.61779449,10.00877193,991.486165
799,1200,1000,200,0,10,33,0,660,49.59699625,10.00876095,991.0716519
800,1200,1000,200,0,10,43,0,860,49.58875,10.00875,990.9079555
801,1200,1000,200,0,10,43,0,860,49.58052434,10.00873908,990.7446676
802,1200,1000,200,0,10,35,0,700,49.56234414,10.00872818,990.3824592
803,1200,1000,200,0,10,26,0,520,49.53300125,10.00871731,989.797188
804,1200,1000,200,0,10,82,0,1640,49.57338308,10.00870647,990.6051945
805,1200,1000,200,0,10,47,0,940,49.57018634,10.00869565,990.5423855
806,1200,1000,200,0,10,58,0,1160,49.58064516,10.00868486,990.7524482
807,1200,1000,200,0,10,55,0,1100,49.58736059,10.0086741,990.8877058
808,1200,1000,200,0,10,51,0,1020,49.58910891,10.00866337,990.9237047
809,1200,1000,200,0,10,62,0,1240,49.60444994,10.00865266,991.2313202
810,1200,1000,200,0,10,31,0,620,49.58148148,10.00864198,990.7734057
811,1200,1000,200,0,10,70,0,1400,49.60665845,10.00863132,991.2775656
812,1200,1000,200,0,10,34,0,680,49.58743842,10.00862069,990.894549
813,1200,1000,200,0,11,25,0,454.5454545,49.55719557,10.0098401,990.1695748
814,1200,1000,200,0,10,46,0,920,49.55282555,10.00982801,990.0834561
815,1200,1000,200,0,10,44,0,880,49.54601227,10.00981595,989.9485168
816,1200,1000,200,0,10,51,0,1020,49.54779412,10.00980392,989.9853085
817,1200,1000,200,0,10,83,0,1660,49.58873929,10.00979192,990.8045977
818,1200,1000,200,0,10,54,0,1080,49.59413203,10.00977995,990.913532
819,1200,1000,200,0,10,50,0,1000,49.59462759,10.00976801,990.9246158
820,1200,1000,200,0,10,35,0,700,49.57682927,10.0097561,990.5701754
821,1200,1000,200,0,10,33,0,660,49.55663825,10.00974421,990.1679241
822,1200,1000,200,0,10,60,0,1200,49.56934307,10.00973236,990.422946
823,1200,1000,200,0,10,48,0,960,49.56743621,10.00972053,990.386016
824,1200,1000,200,0,10,47,0,940,49.56432039,10.00970874,990.3249273
825,1200,1000,200,0,10,39,0,780,49.55151515,10.00969697,990.0702349
826,1200,1000,200,0,10,68,0,1360,49.57384988,10.00968523,990.5176584
827,1200,1000,200,0,10,62,0,1240,49.58887545,10.00967352,990.8190384
828,1200,1000,200,0,10,51,0,1020,49.59057971,10.00966184,990.8542471
829,1200,1000,200,0,10,70,0,1400,49.61519903,10.00965018,991.3473126
830,1200,1000,200,0,10,43,0,860,49.60722892,10.00963855,991.1892152
831,1200,1000,200,0,10,71,0,1420,49.63297232,10.00962696,991.7047367
832,1200,1000,200,0,10,39,0,780,49.62019231,10.00961538,991.4505283
833,1200,1000,200,0,10,57,0,1140,49.62905162,10.00960384,991.6286879
834,1200,1000,200,0,10,33,0,660,49.60911271,10.00959233,991.2314327
835,1200,1000,200,0,10,73,0,1460,49.63712575,10.00958084,991.7922948
836,1200,1000,200,0,10,56,0,1120,49.64473684,10.00956938,991.9455067
837,1200,1000,200,0,11,41,0,745.4545455,49.6344086,10.01075269,991.6219119
838,1200,1000,200,0,10,35,0,700,49.61694511,10.01073986,991.2742878
839,1200,1000,200,0,9,96,0,2133.333333,49.67222884,10.00953516,992.4982139
840,1200,1000,200,0,10,62,0,1240,49.68690476,10.00952381,992.7925785
841,1200,1000,200,0,10,29,0,580,49.66230678,10.00951249,992.3022096
842,1200,1000,200,0,10,42,0,840,49.65320665,10.00950119,992.1214998
843,1200,1000,200,0,10,22,0,440,49.62040332,10.00948992,991.4671723
844,1200,1000,200,0,10,53,0,1060,49.62440758,10.00947867,991.5482955
845,1200,1000,200,0,10,46,0,920,49.62011834,10.00946746,991.463703
846,1200,1000,200,0,11,69,0,1254.545455,49.643026,10.0106383,991.805408
847,1200,1000,200,0,10,50,0,1000,49.64344746,10.01062574,991.8150725
848,1200,1000,200,0,10,20,0,400,49.60849057,10.01061321,991.1179173
849,1200,1000,200,0,10,77,0,1540,49.64075383,10.01060071,991.7637369
850,1200,1000,200,0,10,47,0,940,49.63764706,10.01058824,991.7029028
851,1200,1000,200,0,10,75,0,1500,49.66745006,10.01057579,992.2995657
852,1200,1000,200,0,10,24,0,480,49.63732394,10.01056338,991.6989096
853,1200,1000,200,0,10,36,0,720,49.62133646,10.010551,991.3807237
854,1200,1000,200,0,10,72,0,1440,49.64754098,10.01053864,991.905486
855,1200,1000,200,0,10,64,0,1280,49.66432749,10.01052632,992.2420844
856,1200,1000,200,0,10,36,0,720,49.64836449,10.01051402,991.9243786
857,1200,1000,200,0,10,56,0,1120,49.65577596,10.01050175,992.0736683
858,1200,1000,200,0,10,58,0,1160,49.66550117,10.01048951,992.2691815
859,1200,1000,200,0,10,76,0,1520,49.69615832,10.0104773,992.8828934
860,1200,1000,200,0,10,51,0,1020,49.69767442,10.01046512,992.9143919
861,1200,1000,200,0,10,29,0,580,49.67363531,10.01045296,992.4353173
862,1200,1000,200,0,10,44,0,880,49.66705336,10.01044084,992.305018
863,1200,1000,200,0,10,35,0,700,49.65005794,10.01042874,991.9666628
864,1200,1000,200,0,10,48,0,960,49.64814815,10.01041667,991.9297029
865,1200,1000,200,0,10,48,0,960,49.64624277,10.01040462,991.8928283
866,1200,1000,200,0,10,52,0,1040,49.64896074,10.01039261,991.9483216
867,1200,1000,200,0,10,58,0,1160,49.65859285,10.01038062,992.1419518
868,1200,1000,200,0,10,76,0,1520,49.68894009,10.01036866,992.7494533
869,1200,1000,200,0,10,59,0,1180,49.69965478,10.01035673,992.9647086
870,1200,1000,200,0,10,51,0,1020,49.70114943,10.01034483,992.9957515
871,1200,1000,200,0,10,57,0,1140,49.70952928,10.01033295,993.1643537
872,1200,1000,200,0,10,41,0,820,49.69954128,10.0103211,992.9659755
873,1200,1000,200,0,10,59,0,1180,49.71019473,10.01030928,993.1799977
874,1200,1000,200,0,10,58,0,1160,49.71967963,10.01029748,993.3706709
875,1200,1000,200,0,10,43,0,860,49.712,10.01028571,993.2184039
876,1200,1000,200,0,10,39,0,780,49.69977169,10.01027397,992.9752537
877,1200,1000,200,0,10,37,0,740,49.68529076,10.01026226,992.6870942
878,1200,1000,200,0,10,69,0,1380,49.70728929,10.01025057,993.1277734
879,1200,1000,200,0,10,37,0,740,49.69283276,10.01023891,992.8400955
880,1200,1000,200,0,11,28,0,509.0909091,49.66818182,10.01136364,992.2360953
881,1200,1000,200,0,10,62,0,1240,49.68217934,10.01135074,992.5170068
882,1200,1000,200,0,10,58,0,1160,49.69160998,10.01133787,992.7066818
883,1200,1000,200,0,10,66,0,1320,49.71007928,10.01132503,993.0769231
884,1200,1000,200,0,10,57,0,1140,49.71832579,10.01131222,993.2429379
885,1200,1000,200,0,10,75,0,1500,49.74689266,10.01129944,993.8148984
886,1200,1000,200,0,10,54,0,1080,49.751693,10.01128668,993.9120631
887,1200,1000,200,0,10,29,0,580,49.72829763,10.01127396,993.4459459
888,1200,1000,200,0,10,70,0,1400,49.75112613,10.01126126,993.9032621
889,1200,1000,200,0,10,76,0,1520,49.78065242,10.01124859,994.494382
890,1200,1000,200,0,10,44,0,880,49.7741573,10.01123596,994.365881
891,1200,1000,200,0,10,79,0,1580,49.80695847,10.01122334,995.0224215
892,1200,1000,200,0,10,46,0,920,49.80269058,10.01121076,994.9384099
893,1200,1000,200,0,10,69,0,1380,49.82418813,10.01119821,995.3691275
894,1200,1000,200,0,10,45,0,900,49.81879195,10.01118568,995.2625698
895,1200,1000,200,0,10,27,0,540,49.79329609,10.01117318,994.7544643
896,1200,1000,200,0,10,61,0,1220,49.80580357,10.01116071,995.0055741
897,1200,1000,200,0,10,45,0,900,49.80044593,10.01114827,994.8997773
898,1200,1000,200,0,10,37,0,740,49.78619154,10.01113586,994.6162403
899,1200,1000,200,0,10,27,0,540,49.76084538,10.01112347,994.1111111
900,1200,1000,200,0,10,33,0,660,49.74222222,10.01111111,993.7402886
901,1200,1000,200,0,10,59,0,1180,49.75249723,10.01109878,993.9467849
902,1200,1000,200,0,10,21,0,420,49.72062084,10.01108647,993.3111849
903,1200,1000,200,0,10,33,0,660,49.7021041,10.0110742,992.9424779
904,1200,1000,200,0,10,50,0,1000,49.70243363,10.01106195,992.9502762
905,1200,1000,200,0,10,65,0,1300,49.71933702,10.01104972,993.2891832
906,1200,1000,200,0,10,47,0,940,49.71633554,10.01103753,993.23043
907,1200,1000,200,0,10,39,0,780,49.7045204,10.01102536,992.9955947
908,1200,1000,200,0,10,85,0,1700,49.74339207,10.01101322,993.7733773
909,1200,1000,200,0,10,42,0,840,49.73487349,10.0110011,993.6043956
910,1200,1000,200,0,10,62,0,1240,49.74835165,10.01098901,993.8748628
911,1200,1000,200,0,10,74,0,1480,49.77497256,10.01097695,994.4078947
912,1200,1000,200,0,10,38,0,760,49.7620614,10.01096491,994.1511501
913,1200,1000,200,0,10,27,0,540,49.73713034,10.0109529,993.654267
914,1200,1000,200,0,10,30,0,600,49.71553611,10.01094092,993.2240437
915,1200,1000,200,0,10,56,0,1120,49.72240437,10.01092896,993.3624454
916,1200,1000,200,0,10,35,0,700,49.70633188,10.01091703,993.04253
917,1200,1000,200,0,10,44,0,880,49.70010905,10.01090513,992.91939
918,1200,1000,200,0,10,52,0,1040,49.70261438,10.01089325,992.9706202
919,1200,1000,200,0,10,40,0,800,49.69205658,10.01088139,992.7608696
920,1200,1000,200,0,10,64,0,1280,49.7076087,10.01086957,993.072747
921,1200,1000,200,0,10,37,0,740,49.69381107,10.01085776,992.7982646
922,1200,1000,200,0,10,42,0,840,49.68546638,10.01084599,992.6327194
923,1200,1000,200,0,10,29,0,580,49.66305525,10.01083424,992.1861472
924,1200,1000,200,0,10,49,0,980,49.66233766,10.01082251,992.172973
925,1200,1000,200,0,10,42,0,840,49.65405405,10.01081081,992.0086393
926,1200,1000,200,0,10,32,0,640,49.6349892,10.01079914,991.6289105
927,1200,1000,200,0,5,82,0,3280,49.66990291,10.00539374,992.8625337
928,1200,1000,200,0,10,42,0,840,49.66163793,10.00538793,992.6978998
929,1200,1000,200,0,10,39,0,780,49.65016146,10.00538213,992.4690694
930,1200,1000,200,0,10,37,0,740,49.63655914,10.00537634,992.1977431
931,1200,1000,200,0,10,46,0,920,49.63265306,10.00537057,992.1202362
932,1200,1000,200,0,10,67,0,1340,49.65128755,10.00536481,992.4932976
933,1200,1000,200,0,10,45,0,900,49.64630225,10.00535906,992.3942153
934,1200,1000,200,0,10,69,0,1380,49.66702355,10.00535332,992.8089888
935,1200,1000,200,0,10,42,0,840,49.65882353,10.00534759,992.645644
936,1200,1000,200,0,10,71,0,1420,49.68162393,10.00534188,993.1019754
937,1200,1000,200,0,10,32,0,640,49.66275347,10.00533618,992.7253333
938,1200,1000,200,0,10,30,0,600,49.64179104,10.00533049,992.3068727
939,1200,1000,200,0,10,51,0,1020,49.64323749,10.00532481,992.3363491
940,1200,1000,200,0,10,86,0,1720,49.68191489,10.00531915,993.1100478
941,1200,1000,200,0,10,34,0,680,49.66524973,10.0053135,992.7774827
942,1200,1000,200,0,10,76,0,1520,49.69320594,10.00530786,993.33687
943,1200,1000,200,0,10,50,0,1000,49.69353128,10.00530223,993.3439322
944,1200,1000,200,0,10,61,0,1220,49.70550847,10.00529661,993.5839068
945,1200,1000,200,0,10,74,0,1480,49.73121693,10.00529101,994.0983607
946,1200,1000,200,0,10,60,0,1200,49.74207188,10.00528541,994.3159007
947,1200,1000,200,0,10,35,0,700,49.72650475,10.00527983,994.005277
948,1200,1000,200,0,10,35,0,700,49.71097046,10.00527426,993.6953084
949,1200,1000,200,0,10,61,0,1220,49.72286617,10.0052687,993.9336493
950,1200,1000,200,0,10,62,0,1240,49.73578947,10.00526316,994.1925302
951,1200,1000,200,0,10,27,0,540,49.71188223,10.00525762,993.7151865
952,1200,1000,200,0,10,66,0,1320,49.7289916,10.0052521,994.0577428
953,1200,1000,200,0,9,99,0,2200,49.78069255,10.00419727,995.1961401
954,1200,1000,200,0,10,53,0,1060,49.78406709,10.00419287,995.2640402
955,1200,1000,200,0,10,74,0,1480,49.80942408,10.00418848,995.7714046
956,1200,1000,200,0,10,70,0,1400,49.83054393,10.0041841,996.1940611
957,1200,1000,200,0,10,36,0,720,49.81609195,10.00417973,995.9055776
958,1200,1000,200,0,10,60,0,1200,49.82672234,10.00417537,996.1185309
959,1200,1000,200,0,10,71,0,1420,49.84880083,10.00417101,996.5603502
960,1200,1000,200,0,10,56,0,1120,49.85520833,10.00416667,996.6888796
961,1200,1000,200,0,10,31,0,620,49.83558793,10.00416233,996.2970668
962,1200,1000,200,0,10,37,0,740,49.82224532,10.004158,996.0307564
963,1200,1000,200,0,10,48,0,960,49.82035306,10.00415369,995.9933569
964,1200,1000,200,0,10,34,0,680,49.80394191,10.00414938,995.6656989
965,1200,1000,200,0,10,73,0,1460,49.82797927,10.00414508,996.146675
966,1200,1000,200,0,10,67,0,1340,49.84575569,10.00414079,996.5024834
967,1200,1000,200,0,10,67,0,1340,49.86349535,10.0041365,996.8575563
968,1200,1000,200,0,10,75,0,1500,49.88946281,10.00413223,997.3771169
969,1200,1000,200,0,10,46,0,920,49.88544892,10.00412797,997.2972973
970,1200,1000,200,0,10,40,0,800,49.87525773,10.00412371,997.0939819
971,1200,1000,200,0,10,34,0,680,49.85890834,10.00411946,996.767552
972,1200,1000,200,0,10,33,0,660,49.84156379,10.00411523,996.4212258
973,1200,1000,200,0,10,35,0,700,49.82631038,10.004111,996.1167043
974,1200,1000,200,0,10,68,0,1360,49.8449692,10.00410678,996.4901478
975,1200,1000,200,0,10,38,0,760,49.83282051,10.00410256,996.2476933
976,1200,1000,200,0,10,26,0,520,49.80840164,10.00409836,995.7599345
977,1200,1000,200,0,10,38,0,760,49.79631525,10.00409417,995.5187231
978,1200,1000,200,0,10,66,0,1320,49.81288344,10.00408998,995.8503679
979,1200,1000,200,0,10,37,0,740,49.79979571,10.0040858,995.5891362
980,1200,1000,200,0,10,54,0,1080,49.80408163,10.00408163,995.6752346
981,1200,1000,200,0,10,63,0,1260,49.81753313,10.00407747,995.944569
982,1200,1000,200,0,10,46,0,920,49.81364562,10.00407332,995.8672638
983,1200,1000,200,0,10,71,0,1420,49.83519837,10.00406918,996.298556
984,1200,1000,200,0,10,39,0,780,49.82418699,10.00406504,996.0788297
985,1200,1000,200,0,10,24,0,480,49.79796954,10.00406091,995.5551045
986,1200,1000,200,0,10,36,0,720,49.78397566,10.0040568,995.2757502
987,1200,1000,200,0,10,80,0,1600,49.81458967,10.00405268,995.8881912
988,1200,1000,200,0,10,23,0,460,49.78744939,10.00404858,995.3460138
989,1200,1000,200,0,10,64,0,1280,49.80182002,10.00404449,995.6337174
990,1200,1000,200,0,10,43,0,860,49.79494949,10.0040404,995.496769
991,1200,1000,200,0,10,50,0,1000,49.79515641,10.00403633,995.5013113
992,1200,1000,200,0,10,46,0,920,49.79133065,10.00403226,995.4252318
993,1200,1000,200,0,10,62,0,1240,49.80362538,10.0040282,995.6714314
994,1200,1000,200,0,10,45,0,900,49.79879276,10.00402414,995.5752212
995,1200,1000,200,0,10,25,0,500,49.77386935,10.0040201,995.0773558
996,1200,1000,200,0,10,73,0,1460,49.79718876,10.00401606,995.5439582
997,1200,1000,200,0,10,45,0,900,49.79237713,10.00401204,995.4481652
998,1200,1000,200,0,10,60,0,1200,49.80260521,10.00400802,995.6530449
999,1200,1000,200,0,10,24,0,480,49.77677678,10.004004,995.1370822
1000,1200,1000,200,0,10,39,0,780,49.766,10.004,994.9220312
